,Entity,Year,Life expectancy,process_date
0,Australia,1802,34.049999,2025-07-24
1,Australia,1803,34.049999,2025-07-24
2,Australia,1804,34.049999,2025-07-24
3,Australia,1805,34.049999,2025-07-24
4,Australia,1806,34.049999,2025-07-24
5,Australia,1807,34.049999,2025-07-24
6,Australia,1808,34.049999,2025-07-24
7,Australia,1809,34.049999,2025-07-24
8,Australia,1810,34.049999,2025-07-24
9,Australia,1811,34.049999,2025-07-24
10,Australia,1812,34.049999,2025-07-24
11,Australia,1813,34.049999,2025-07-24
12,Australia,1814,34.049999,2025-07-24
13,Australia,1815,34.049999,2025-07-24
14,Australia,1816,34.049999,2025-07-24
15,Australia,1817,34.049999,2025-07-24
16,Australia,1818,34.049999,2025-07-24
17,Australia,1819,34.049999,2025-07-24
18,Australia,1820,34.049999,2025-07-24
19,Australia,1821,34.049999,2025-07-24
20,Australia,1822,34.049999,2025-07-24
21,Australia,1823,34.049999,2025-07-24
22,Australia,1824,34.049999,2025-07-24
23,Australia,1825,34.049999,2025-07-24
24,Australia,1826,34.049999,2025-07-24
25,Australia,1827,34.049999,2025-07-24
26,Australia,1828,34.049999,2025-07-24
27,Australia,1829,34.049999,2025-07-24
28,Australia,1830,34.049999,2025-07-24
29,Australia,1831,34.049999,2025-07-24
30,Australia,1832,34.049999,2025-07-24
31,Australia,1833,34.049999,2025-07-24
32,Australia,1834,34.049999,2025-07-24
33,Australia,1835,34.049999,2025-07-24
34,Australia,1836,34.049999,2025-07-24
35,Australia,1837,34.049999,2025-07-24
36,Australia,1838,34.049999,2025-07-24
37,Australia,1839,34.049999,2025-07-24
38,Australia,1840,34.049999,2025-07-24
39,Australia,1841,34.049999,2025-07-24
40,Australia,1842,34.049999,2025-07-24
41,Australia,1843,34.049999,2025-07-24
42,Australia,1844,34.049999,2025-07-24
43,Australia,1845,34.049999,2025-07-24
44,Australia,1846,34.049999,2025-07-24
45,Australia,1847,34.049999,2025-07-24
46,Australia,1848,34.049999,2025-07-24
47,Australia,1849,34.049999,2025-07-24
48,Australia,1850,34.049999,2025-07-24
49,Australia,1851,34.049999,2025-07-24
50,Australia,1852,34.049999,2025-07-24
51,Australia,1853,34.049999,2025-07-24
52,Australia,1854,34.049999,2025-07-24
53,Australia,1855,34.049999,2025-07-24
54,Australia,1856,34.049999,2025-07-24
55,Australia,1857,34.049999,2025-07-24
56,Australia,1858,34.049999,2025-07-24
57,Australia,1859,34.049999,2025-07-24
58,Australia,1860,34.049999,2025-07-24
59,Australia,1861,34.049999,2025-07-24
60,Australia,1862,34.049999,2025-07-24
61,Australia,1863,34.049999,2025-07-24
62,Australia,1864,34.049999,2025-07-24
63,Australia,1865,34.049999,2025-07-24
64,Australia,1866,34.049999,2025-07-24
65,Australia,1867,34.049999,2025-07-24
66,Australia,1868,34.049999,2025-07-24
67,Australia,1869,34.049999,2025-07-24
68,Australia,1870,34.049999,2025-07-24
69,Australia,1871,34.579215999999995,2025-07-24
70,Australia,1872,35.108433000000005,2025-07-24
71,Australia,1873,35.637646000000004,2025-07-24
72,Australia,1874,36.166862,2025-07-24
73,Australia,1875,36.696079,2025-07-24
74,Australia,1876,37.225296,2025-07-24
75,Australia,1877,37.754509000000006,2025-07-24
76,Australia,1878,38.283726,2025-07-24
77,Australia,1879,38.812943,2025-07-24
78,Australia,1880,39.342155,2025-07-24
79,Australia,1881,39.871371999999994,2025-07-24
80,Australia,1882,40.400589000000004,2025-07-24
81,Australia,1883,40.929806,2025-07-24
82,Australia,1884,41.459019,2025-07-24
83,Australia,1885,41.988234999999996,2025-07-24
84,Australia,1886,42.517452,2025-07-24
85,Australia,1887,43.046665000000004,2025-07-24
86,Australia,1888,43.575882,2025-07-24
87,Australia,1889,44.105098999999996,2025-07-24
88,Australia,1890,44.634315,2025-07-24
89,Australia,1891,45.163528,2025-07-24
90,Australia,1892,45.692745,2025-07-24
91,Australia,1893,46.221962,2025-07-24
92,Australia,1894,46.751175,2025-07-24
93,Australia,1895,47.280392,2025-07-24
94,Australia,1896,47.809608000000004,2025-07-24
95,Australia,1897,48.338825,2025-07-24
96,Australia,1898,48.868038,2025-07-24
97,Australia,1899,49.397255,2025-07-24
98,Australia,1900,49.926472,2025-07-24
99,Australia,1901,50.455684999999995,2025-07-24
100,Australia,1902,50.984901,2025-07-24
101,Australia,1903,51.514117999999996,2025-07-24
102,Australia,1904,52.043335,2025-07-24
103,Australia,1905,52.572548,2025-07-24
104,Australia,1906,53.101765,2025-07-24
105,Australia,1907,53.630981000000006,2025-07-24
106,Australia,1908,54.160194,2025-07-24
107,Australia,1909,54.689411,2025-07-24
108,Australia,1910,55.218628,2025-07-24
109,Australia,1911,55.747845,2025-07-24
110,Australia,1912,56.277058,2025-07-24
111,Australia,1913,56.806274,2025-07-24
112,Australia,1914,57.335491000000005,2025-07-24
113,Australia,1915,57.864704,2025-07-24
114,Australia,1916,58.393921,2025-07-24
115,Australia,1917,58.923138,2025-07-24
116,Australia,1918,54.802391,2025-07-24
117,Australia,1919,59.981567000000005,2025-07-24
118,Australia,1920,60.510783999999994,2025-07-24
119,Australia,1921,61.040001000000004,2025-07-24
120,Australia,1922,62.889998999999996,2025-07-24
121,Australia,1923,61.73,2025-07-24
122,Australia,1924,62.529999,2025-07-24
123,Australia,1925,63.220001,2025-07-24
124,Australia,1926,62.939999,2025-07-24
125,Australia,1927,62.91,2025-07-24
126,Australia,1928,62.959998999999996,2025-07-24
127,Australia,1929,63.150002,2025-07-24
128,Australia,1930,64.959999,2025-07-24
129,Australia,1931,65.389999,2025-07-24
130,Australia,1932,65.690002,2025-07-24
131,Australia,1933,65.519997,2025-07-24
132,Australia,1934,64.879997,2025-07-24
133,Australia,1935,65.150002,2025-07-24
134,Australia,1936,65.269997,2025-07-24
135,Australia,1937,65.83000200000001,2025-07-24
136,Australia,1938,65.870003,2025-07-24
137,Australia,1939,65.82,2025-07-24
138,Australia,1940,66.260002,2025-07-24
139,Australia,1941,66.139999,2025-07-24
140,Australia,1942,65.879997,2025-07-24
141,Australia,1943,66.400002,2025-07-24
142,Australia,1944,68.029999,2025-07-24
143,Australia,1945,68.459999,2025-07-24
144,Australia,1946,67.980003,2025-07-24
145,Australia,1947,68.589996,2025-07-24
146,Australia,1948,68.510002,2025-07-24
147,Australia,1949,69.129997,2025-07-24
148,Australia,1950,69.019997,2025-07-24
149,Australia,1951,68.720001,2025-07-24
150,Australia,1952,69.120003,2025-07-24
151,Australia,1953,69.699997,2025-07-24
152,Australia,1954,69.849998,2025-07-24
153,Australia,1955,70.16999799999999,2025-07-24
154,Australia,1956,70.050003,2025-07-24
155,Australia,1957,70.33000200000001,2025-07-24
156,Australia,1958,70.879997,2025-07-24
157,Australia,1959,70.449997,2025-07-24
158,Australia,1960,70.889999,2025-07-24
159,Australia,1961,71.160004,2025-07-24
160,Australia,1962,70.93,2025-07-24
161,Australia,1963,70.989998,2025-07-24
162,Australia,1964,70.650002,2025-07-24
163,Australia,1965,70.980003,2025-07-24
164,Australia,1966,70.82,2025-07-24
165,Australia,1967,71.099998,2025-07-24
166,Australia,1968,70.730003,2025-07-24
167,Australia,1969,71.139999,2025-07-24
168,Australia,1970,70.809998,2025-07-24
169,Australia,1971,71.410004,2025-07-24
170,Australia,1972,71.93,2025-07-24
171,Australia,1973,72.139999,2025-07-24
172,Australia,1974,71.889999,2025-07-24
173,Australia,1975,72.839996,2025-07-24
174,Australia,1976,72.879997,2025-07-24
175,Australia,1977,73.489998,2025-07-24
176,Australia,1978,73.879997,2025-07-24
177,Australia,1979,74.440002,2025-07-24
178,Australia,1980,74.599998,2025-07-24
179,Australia,1981,74.959999,2025-07-24
180,Australia,1982,74.739998,2025-07-24
181,Australia,1983,75.550003,2025-07-24
182,Australia,1984,76.019997,2025-07-24
183,Australia,1985,75.449997,2025-07-24
184,Australia,1986,76.129997,2025-07-24
185,Australia,1987,76.32,2025-07-24
186,Australia,1988,76.349998,2025-07-24
187,Australia,1989,76.449997,2025-07-24
188,Australia,1990,77.019997,2025-07-24
189,Australia,1991,77.389999,2025-07-24
190,Australia,1992,77.620003,2025-07-24
191,Australia,1993,77.889999,2025-07-24
192,Australia,1994,78.050003,2025-07-24
193,Australia,1995,78.300003,2025-07-24
194,Australia,1996,78.5,2025-07-24
195,Australia,1997,78.800003,2025-07-24
196,Australia,1998,79.110001,2025-07-24
197,Australia,1999,79.400002,2025-07-24
198,Australia,2000,79.709999,2025-07-24
199,Australia,2001,80.019997,2025-07-24
200,Australia,2002,80.239998,2025-07-24
201,Australia,2003,80.540001,2025-07-24
202,Australia,2004,80.809998,2025-07-24
203,Australia,2005,81.089996,2025-07-24
204,Australia,2006,81.269997,2025-07-24
205,Australia,2007,81.43,2025-07-24
206,Australia,2008,81.58000200000001,2025-07-24
207,Australia,2009,81.790001,2025-07-24
208,Australia,2010,81.989998,2025-07-24
209,Australia,2011,82.150002,2025-07-24
210,Australia,2012,82.33000200000001,2025-07-24
211,Australia,2013,82.529999,2025-07-24
212,Australia,2014,82.58000200000001,2025-07-24
213,Australia,2015,82.550003,2025-07-24
214,Australia,2016,82.519997,2025-07-24
215,Brazil,1800,32.0,2025-07-24
216,Brazil,1801,31.999807,2025-07-24
217,Brazil,1802,31.999613,2025-07-24
218,Brazil,1803,31.99942,2025-07-24
219,Brazil,1804,31.999228000000002,2025-07-24
220,Brazil,1805,31.999033,2025-07-24
221,Brazil,1806,31.99884,2025-07-24
222,Brazil,1807,31.998646,2025-07-24
223,Brazil,1808,31.998453,2025-07-24
224,Brazil,1809,31.99826,2025-07-24
225,Brazil,1810,31.998065999999998,2025-07-24
226,Brazil,1811,31.997873,2025-07-24
227,Brazil,1812,31.997681,2025-07-24
228,Brazil,1813,31.997486,2025-07-24
229,Brazil,1814,31.997293,2025-07-24
230,Brazil,1815,31.997101,2025-07-24
231,Brazil,1816,31.996906,2025-07-24
232,Brazil,1817,31.996714,2025-07-24
233,Brazil,1818,31.996519,2025-07-24
234,Brazil,1819,31.996326,2025-07-24
235,Brazil,1820,31.996134,2025-07-24
236,Brazil,1821,31.995939,2025-07-24
237,Brazil,1822,31.995746999999998,2025-07-24
238,Brazil,1823,31.995554,2025-07-24
239,Brazil,1824,31.995359000000004,2025-07-24
240,Brazil,1825,31.995167,2025-07-24
241,Brazil,1826,31.994974,2025-07-24
242,Brazil,1827,31.99478,2025-07-24
243,Brazil,1828,31.994587,2025-07-24
244,Brazil,1829,31.994391999999998,2025-07-24
245,Brazil,1830,31.9942,2025-07-24
246,Brazil,1831,31.994007,2025-07-24
247,Brazil,1832,31.993813,2025-07-24
248,Brazil,1833,31.99362,2025-07-24
249,Brazil,1834,31.993427,2025-07-24
250,Brazil,1835,31.993233,2025-07-24
251,Brazil,1836,31.99304,2025-07-24
252,Brazil,1837,31.992846999999998,2025-07-24
253,Brazil,1838,31.992653000000004,2025-07-24
254,Brazil,1839,31.992459999999998,2025-07-24
255,Brazil,1840,31.992268,2025-07-24
256,Brazil,1841,31.992072999999998,2025-07-24
257,Brazil,1842,31.99188,2025-07-24
258,Brazil,1843,31.991685999999998,2025-07-24
259,Brazil,1844,31.991493,2025-07-24
260,Brazil,1845,31.991301,2025-07-24
261,Brazil,1846,31.991106,2025-07-24
262,Brazil,1847,31.990913,2025-07-24
263,Brazil,1848,31.990721,2025-07-24
264,Brazil,1849,31.990526000000003,2025-07-24
265,Brazil,1850,31.990334000000004,2025-07-24
266,Brazil,1851,31.990140999999998,2025-07-24
267,Brazil,1852,31.989946000000003,2025-07-24
268,Brazil,1853,31.989753999999998,2025-07-24
269,Brazil,1854,31.989559000000003,2025-07-24
270,Brazil,1855,31.989366999999998,2025-07-24
271,Brazil,1856,31.989174,2025-07-24
272,Brazil,1857,31.988978999999997,2025-07-24
273,Brazil,1858,31.988787,2025-07-24
274,Brazil,1859,31.988594,2025-07-24
275,Brazil,1860,31.9884,2025-07-24
276,Brazil,1861,31.988207,2025-07-24
277,Brazil,1862,31.988014,2025-07-24
278,Brazil,1863,31.987820000000003,2025-07-24
279,Brazil,1864,31.987627000000003,2025-07-24
280,Brazil,1865,31.987432000000002,2025-07-24
281,Brazil,1866,31.987240000000003,2025-07-24
282,Brazil,1867,31.987046999999997,2025-07-24
283,Brazil,1868,31.986853000000004,2025-07-24
284,Brazil,1869,31.986659999999997,2025-07-24
285,Brazil,1870,31.986466999999998,2025-07-24
286,Brazil,1871,31.986272999999997,2025-07-24
287,Brazil,1872,31.986079999999998,2025-07-24
288,Brazil,1873,31.985888,2025-07-24
289,Brazil,1874,31.985692999999998,2025-07-24
290,Brazil,1875,31.9855,2025-07-24
291,Brazil,1876,31.985306,2025-07-24
292,Brazil,1877,31.985113000000002,2025-07-24
293,Brazil,1878,31.984921000000003,2025-07-24
294,Brazil,1879,31.984726000000002,2025-07-24
295,Brazil,1880,31.984533000000003,2025-07-24
296,Brazil,1881,31.984340999999997,2025-07-24
297,Brazil,1882,31.984146000000003,2025-07-24
298,Brazil,1883,31.983953000000003,2025-07-24
299,Brazil,1884,31.983760999999998,2025-07-24
300,Brazil,1885,31.983565999999996,2025-07-24
301,Brazil,1886,31.983373999999998,2025-07-24
302,Brazil,1887,31.983178999999996,2025-07-24
303,Brazil,1888,31.982986,2025-07-24
304,Brazil,1889,31.982794000000002,2025-07-24
305,Brazil,1890,31.982599,2025-07-24
306,Brazil,1891,31.982407000000002,2025-07-24
307,Brazil,1892,31.982214000000003,2025-07-24
308,Brazil,1893,31.982019,2025-07-24
309,Brazil,1894,31.981827000000003,2025-07-24
310,Brazil,1895,31.981634000000003,2025-07-24
311,Brazil,1896,31.981440000000003,2025-07-24
312,Brazil,1897,31.981246999999996,2025-07-24
313,Brazil,1898,31.981052000000002,2025-07-24
314,Brazil,1899,31.980859999999996,2025-07-24
315,Brazil,1900,31.980666999999997,2025-07-24
316,Brazil,1901,31.980472999999996,2025-07-24
317,Brazil,1902,31.98028,2025-07-24
318,Brazil,1903,31.980087,2025-07-24
319,Brazil,1904,31.979893,2025-07-24
320,Brazil,1905,31.9797,2025-07-24
321,Brazil,1906,31.979507,2025-07-24
322,Brazil,1907,31.979313,2025-07-24
323,Brazil,1908,31.97912,2025-07-24
324,Brazil,1909,31.978928000000003,2025-07-24
325,Brazil,1910,31.978733000000002,2025-07-24
326,Brazil,1911,31.978540000000002,2025-07-24
327,Brazil,1912,31.978346000000002,2025-07-24
328,Brazil,1913,31.978153000000002,2025-07-24
329,Brazil,1914,31.977960999999997,2025-07-24
330,Brazil,1915,31.977766,2025-07-24
331,Brazil,1916,31.977573,2025-07-24
332,Brazil,1917,31.977381,2025-07-24
333,Brazil,1918,26.978191,2025-07-24
334,Brazil,1919,31.976994,2025-07-24
335,Brazil,1920,31.976801000000002,2025-07-24
336,Brazil,1921,31.97912,2025-07-24
337,Brazil,1922,31.981440000000003,2025-07-24
338,Brazil,1923,31.983760999999998,2025-07-24
339,Brazil,1924,31.986079999999998,2025-07-24
340,Brazil,1925,31.9884,2025-07-24
341,Brazil,1926,31.990721,2025-07-24
342,Brazil,1927,31.99304,2025-07-24
343,Brazil,1928,31.995359000000004,2025-07-24
344,Brazil,1929,31.997681,2025-07-24
345,Brazil,1930,32.0,2025-07-24
346,Brazil,1931,32.464073,2025-07-24
347,Brazil,1932,32.928143,2025-07-24
348,Brazil,1933,33.392216,2025-07-24
349,Brazil,1934,33.856289000000004,2025-07-24
350,Brazil,1935,34.320358,2025-07-24
351,Brazil,1936,34.784431,2025-07-24
352,Brazil,1937,35.248505,2025-07-24
353,Brazil,1938,35.712578,2025-07-24
354,Brazil,1939,36.176646999999996,2025-07-24
355,Brazil,1940,36.64072,2025-07-24
356,Brazil,1941,37.772575,2025-07-24
357,Brazil,1942,38.90443,2025-07-24
358,Brazil,1943,40.036289000000004,2025-07-24
359,Brazil,1944,41.168144,2025-07-24
360,Brazil,1945,42.299999,2025-07-24
361,Brazil,1946,43.848,2025-07-24
362,Brazil,1947,45.396,2025-07-24
363,Brazil,1948,46.943999999999996,2025-07-24
364,Brazil,1949,48.492001,2025-07-24
365,Brazil,1950,50.040001000000004,2025-07-24
366,Brazil,1951,50.279999,2025-07-24
367,Brazil,1952,50.763000000000005,2025-07-24
368,Brazil,1953,51.248001,2025-07-24
369,Brazil,1954,51.736999999999995,2025-07-24
370,Brazil,1955,52.23,2025-07-24
371,Brazil,1956,52.724998,2025-07-24
372,Brazil,1957,53.222,2025-07-24
373,Brazil,1958,53.720001,2025-07-24
374,Brazil,1959,54.214001,2025-07-24
375,Brazil,1960,54.702,2025-07-24
376,Brazil,1961,55.179001,2025-07-24
377,Brazil,1962,55.643002,2025-07-24
378,Brazil,1963,56.091,2025-07-24
379,Brazil,1964,56.521,2025-07-24
380,Brazil,1965,56.935001,2025-07-24
381,Brazil,1966,57.333999999999996,2025-07-24
382,Brazil,1967,57.722,2025-07-24
383,Brazil,1968,58.105,2025-07-24
384,Brazil,1969,58.484001,2025-07-24
385,Brazil,1970,58.865002000000004,2025-07-24
386,Brazil,1971,59.250999,2025-07-24
387,Brazil,1972,59.644001,2025-07-24
388,Brazil,1973,60.042,2025-07-24
389,Brazil,1974,60.443001,2025-07-24
390,Brazil,1975,60.844002,2025-07-24
391,Brazil,1976,61.236000000000004,2025-07-24
392,Brazil,1977,61.615002000000004,2025-07-24
393,Brazil,1978,61.978001,2025-07-24
394,Brazil,1979,62.327999,2025-07-24
395,Brazil,1980,62.668999,2025-07-24
396,Brazil,1981,63.007999,2025-07-24
397,Brazil,1982,63.353001,2025-07-24
398,Brazil,1983,63.709998999999996,2025-07-24
399,Brazil,1984,64.081001,2025-07-24
400,Brazil,1985,64.466003,2025-07-24
401,Brazil,1986,64.862,2025-07-24
402,Brazil,1987,65.264,2025-07-24
403,Brazil,1988,65.667,2025-07-24
404,Brazil,1989,66.068001,2025-07-24
405,Brazil,1990,68.410004,2025-07-24
406,Brazil,1991,68.739998,2025-07-24
407,Brazil,1992,68.910004,2025-07-24
408,Brazil,1993,69.129997,2025-07-24
409,Brazil,1994,69.379997,2025-07-24
410,Brazil,1995,69.660004,2025-07-24
411,Brazil,1996,69.959999,2025-07-24
412,Brazil,1997,70.339996,2025-07-24
413,Brazil,1998,70.66999799999999,2025-07-24
414,Brazil,1999,70.980003,2025-07-24
415,Brazil,2000,71.360001,2025-07-24
416,Brazil,2001,71.760002,2025-07-24
417,Brazil,2002,72.059998,2025-07-24
418,Brazil,2003,72.33000200000001,2025-07-24
419,Brazil,2004,72.620003,2025-07-24
420,Brazil,2005,72.93,2025-07-24
421,Brazil,2006,73.199997,2025-07-24
422,Brazil,2007,73.459999,2025-07-24
423,Brazil,2008,73.720001,2025-07-24
424,Brazil,2009,73.940002,2025-07-24
425,Brazil,2010,74.150002,2025-07-24
426,Brazil,2011,74.379997,2025-07-24
427,Brazil,2012,74.639999,2025-07-24
428,Brazil,2013,74.839996,2025-07-24
429,Brazil,2014,75.010002,2025-07-24
430,Brazil,2015,75.139999,2025-07-24
431,Brazil,2016,75.239998,2025-07-24
432,Canada,1800,39.0,2025-07-24
433,Canada,1801,39.001495,2025-07-24
434,Canada,1802,39.002995,2025-07-24
435,Canada,1803,39.004490000000004,2025-07-24
436,Canada,1804,39.005984999999995,2025-07-24
437,Canada,1805,39.007484000000005,2025-07-24
438,Canada,1806,39.00898,2025-07-24
439,Canada,1807,39.010479,2025-07-24
440,Canada,1808,39.011974,2025-07-24
441,Canada,1809,39.01347,2025-07-24
442,Canada,1810,39.014969,2025-07-24
443,Canada,1811,39.016464,2025-07-24
444,Canada,1812,39.017959999999995,2025-07-24
445,Canada,1813,39.019459000000005,2025-07-24
446,Canada,1814,39.020953999999996,2025-07-24
447,Canada,1815,39.022453000000006,2025-07-24
448,Canada,1816,39.023949,2025-07-24
449,Canada,1817,39.025444,2025-07-24
450,Canada,1818,39.026943,2025-07-24
451,Canada,1819,39.028439,2025-07-24
452,Canada,1820,39.029934000000004,2025-07-24
453,Canada,1821,39.031433,2025-07-24
454,Canada,1822,39.032928000000005,2025-07-24
455,Canada,1823,39.034428000000005,2025-07-24
456,Canada,1824,39.035923,2025-07-24
457,Canada,1825,39.037418,2025-07-24
458,Canada,1826,39.038918,2025-07-24
459,Canada,1827,39.040413,2025-07-24
460,Canada,1828,39.041908,2025-07-24
461,Canada,1829,39.043407,2025-07-24
462,Canada,1830,39.044903000000005,2025-07-24
463,Canada,1831,39.046397999999996,2025-07-24
464,Canada,1832,39.173481,2025-07-24
465,Canada,1833,39.30056,2025-07-24
466,Canada,1834,39.427639,2025-07-24
467,Canada,1835,39.554722,2025-07-24
468,Canada,1836,39.681801,2025-07-24
469,Canada,1837,39.80888,2025-07-24
470,Canada,1838,39.935959000000004,2025-07-24
471,Canada,1839,40.063041999999996,2025-07-24
472,Canada,1840,40.190121000000005,2025-07-24
473,Canada,1841,40.3172,2025-07-24
474,Canada,1842,40.391449,2025-07-24
475,Canada,1843,40.465694,2025-07-24
476,Canada,1844,40.539944,2025-07-24
477,Canada,1845,40.614193,2025-07-24
478,Canada,1846,40.688438,2025-07-24
479,Canada,1847,40.762688,2025-07-24
480,Canada,1848,40.836937,2025-07-24
481,Canada,1849,40.911182000000004,2025-07-24
482,Canada,1850,40.985432,2025-07-24
483,Canada,1851,41.059681,2025-07-24
484,Canada,1852,41.113215999999994,2025-07-24
485,Canada,1853,41.166752,2025-07-24
486,Canada,1854,41.220287,2025-07-24
487,Canada,1855,41.273823,2025-07-24
488,Canada,1856,41.327358000000004,2025-07-24
489,Canada,1857,41.380897999999995,2025-07-24
490,Canada,1858,41.434433,2025-07-24
491,Canada,1859,41.487968,2025-07-24
492,Canada,1860,41.541503999999996,2025-07-24
493,Canada,1861,41.595039,2025-07-24
494,Canada,1862,41.691216,2025-07-24
495,Canada,1863,41.787392,2025-07-24
496,Canada,1864,41.883568,2025-07-24
497,Canada,1865,41.979744000000004,2025-07-24
498,Canada,1866,42.07592,2025-07-24
499,Canada,1867,42.172096,2025-07-24
500,Canada,1868,42.268271999999996,2025-07-24
501,Canada,1869,42.364449,2025-07-24
502,Canada,1870,42.460625,2025-07-24
503,Canada,1871,42.556801,2025-07-24
504,Canada,1872,42.774097,2025-07-24
505,Canada,1873,42.99139,2025-07-24
506,Canada,1874,43.208687,2025-07-24
507,Canada,1875,43.425983,2025-07-24
508,Canada,1876,43.64328,2025-07-24
509,Canada,1877,43.860577,2025-07-24
510,Canada,1878,44.077873,2025-07-24
511,Canada,1879,44.29517,2025-07-24
512,Canada,1880,44.512463000000004,2025-07-24
513,Canada,1881,44.729759,2025-07-24
514,Canada,1882,44.7742,2025-07-24
515,Canada,1883,44.818642,2025-07-24
516,Canada,1884,44.863079,2025-07-24
517,Canada,1885,44.90752,2025-07-24
518,Canada,1886,44.951962,2025-07-24
519,Canada,1887,44.996399,2025-07-24
520,Canada,1888,45.04084,2025-07-24
521,Canada,1889,45.085281,2025-07-24
522,Canada,1890,45.129719,2025-07-24
523,Canada,1891,45.17416,2025-07-24
524,Canada,1892,45.520191,2025-07-24
525,Canada,1893,45.866222,2025-07-24
526,Canada,1894,46.212257,2025-07-24
527,Canada,1895,46.558289,2025-07-24
528,Canada,1896,46.90432,2025-07-24
529,Canada,1897,47.250351,2025-07-24
530,Canada,1898,47.596382,2025-07-24
531,Canada,1899,47.942417,2025-07-24
532,Canada,1900,48.288447999999995,2025-07-24
533,Canada,1901,48.634479999999996,2025-07-24
534,Canada,1902,49.022095,2025-07-24
535,Canada,1903,49.409714,2025-07-24
536,Canada,1904,49.797329,2025-07-24
537,Canada,1905,50.184944,2025-07-24
538,Canada,1906,50.572559000000005,2025-07-24
539,Canada,1907,50.960175,2025-07-24
540,Canada,1908,51.347794,2025-07-24
541,Canada,1909,51.735409000000004,2025-07-24
542,Canada,1910,52.123024,2025-07-24
543,Canada,1911,52.510639000000005,2025-07-24
544,Canada,1912,52.961575,2025-07-24
545,Canada,1913,53.412514,2025-07-24
546,Canada,1914,53.863448999999996,2025-07-24
547,Canada,1915,54.314384,2025-07-24
548,Canada,1916,54.765319999999996,2025-07-24
549,Canada,1917,55.216255000000004,2025-07-24
550,Canada,1918,47.169968,2025-07-24
551,Canada,1919,56.11813000000001,2025-07-24
552,Canada,1920,56.569065,2025-07-24
553,Canada,1921,57.02,2025-07-24
554,Canada,1922,57.02,2025-07-24
555,Canada,1923,57.02,2025-07-24
556,Canada,1924,58.830002,2025-07-24
557,Canada,1925,59.310001,2025-07-24
558,Canada,1926,57.990002000000004,2025-07-24
559,Canada,1927,58.68,2025-07-24
560,Canada,1928,58.57,2025-07-24
561,Canada,1929,57.970001,2025-07-24
562,Canada,1930,58.950001,2025-07-24
563,Canada,1931,60.360001000000004,2025-07-24
564,Canada,1932,61.43,2025-07-24
565,Canada,1933,62.360001000000004,2025-07-24
566,Canada,1934,62.77,2025-07-24
567,Canada,1935,62.490002000000004,2025-07-24
568,Canada,1936,62.720001,2025-07-24
569,Canada,1937,61.349998,2025-07-24
570,Canada,1938,63.310001,2025-07-24
571,Canada,1939,63.740002000000004,2025-07-24
572,Canada,1940,64.010002,2025-07-24
573,Canada,1941,63.759997999999996,2025-07-24
574,Canada,1942,64.699997,2025-07-24
575,Canada,1943,64.610001,2025-07-24
576,Canada,1944,65.349998,2025-07-24
577,Canada,1945,66.33000200000001,2025-07-24
578,Canada,1946,66.529999,2025-07-24
579,Canada,1947,66.779999,2025-07-24
580,Canada,1948,67.33000200000001,2025-07-24
581,Canada,1949,67.650002,2025-07-24
582,Canada,1950,68.279999,2025-07-24
583,Canada,1951,68.550003,2025-07-24
584,Canada,1952,68.75,2025-07-24
585,Canada,1953,69.129997,2025-07-24
586,Canada,1954,69.989998,2025-07-24
587,Canada,1955,70.050003,2025-07-24
588,Canada,1956,70.040001,2025-07-24
589,Canada,1957,69.959999,2025-07-24
590,Canada,1958,70.620003,2025-07-24
591,Canada,1959,70.660004,2025-07-24
592,Canada,1960,71.040001,2025-07-24
593,Canada,1961,71.269997,2025-07-24
594,Canada,1962,71.300003,2025-07-24
595,Canada,1963,71.309998,2025-07-24
596,Canada,1964,71.690002,2025-07-24
597,Canada,1965,71.790001,2025-07-24
598,Canada,1966,71.91999799999999,2025-07-24
599,Canada,1967,72.129997,2025-07-24
600,Canada,1968,72.290001,2025-07-24
601,Canada,1969,72.449997,2025-07-24
602,Canada,1970,72.650002,2025-07-24
603,Canada,1971,72.980003,2025-07-24
604,Canada,1972,72.879997,2025-07-24
605,Canada,1973,73.110001,2025-07-24
606,Canada,1974,73.190002,2025-07-24
607,Canada,1975,73.489998,2025-07-24
608,Canada,1976,73.91999799999999,2025-07-24
609,Canada,1977,74.209999,2025-07-24
610,Canada,1978,74.540001,2025-07-24
611,Canada,1979,74.900002,2025-07-24
612,Canada,1980,75.139999,2025-07-24
613,Canada,1981,75.550003,2025-07-24
614,Canada,1982,75.760002,2025-07-24
615,Canada,1983,76.129997,2025-07-24
616,Canada,1984,76.43,2025-07-24
617,Canada,1985,76.410004,2025-07-24
618,Canada,1986,76.559998,2025-07-24
619,Canada,1987,76.860001,2025-07-24
620,Canada,1988,76.93,2025-07-24
621,Canada,1989,77.199997,2025-07-24
622,Canada,1990,77.43,2025-07-24
623,Canada,1991,77.610001,2025-07-24
624,Canada,1992,77.760002,2025-07-24
625,Canada,1993,77.82,2025-07-24
626,Canada,1994,77.93,2025-07-24
627,Canada,1995,78.07,2025-07-24
628,Canada,1996,78.309998,2025-07-24
629,Canada,1997,78.57,2025-07-24
630,Canada,1998,78.779999,2025-07-24
631,Canada,1999,79.010002,2025-07-24
632,Canada,2000,79.260002,2025-07-24
633,Canada,2001,79.480003,2025-07-24
634,Canada,2002,79.660004,2025-07-24
635,Canada,2003,79.839996,2025-07-24
636,Canada,2004,80.050003,2025-07-24
637,Canada,2005,80.230003,2025-07-24
638,Canada,2006,80.480003,2025-07-24
639,Canada,2007,80.650002,2025-07-24
640,Canada,2008,80.870003,2025-07-24
641,Canada,2009,81.120003,2025-07-24
642,Canada,2010,81.339996,2025-07-24
643,Canada,2011,81.529999,2025-07-24
644,Canada,2012,81.660004,2025-07-24
645,Canada,2013,81.75,2025-07-24
646,Canada,2014,81.790001,2025-07-24
647,Canada,2015,81.769997,2025-07-24
648,Canada,2016,81.849998,2025-07-24
649,China,1800,32.0,2025-07-24
650,China,1801,32.0,2025-07-24
651,China,1802,32.0,2025-07-24
652,China,1803,32.0,2025-07-24
653,China,1804,32.0,2025-07-24
654,China,1805,32.0,2025-07-24
655,China,1806,32.0,2025-07-24
656,China,1807,32.0,2025-07-24
657,China,1808,32.0,2025-07-24
658,China,1809,32.0,2025-07-24
659,China,1810,32.0,2025-07-24
660,China,1811,32.0,2025-07-24
661,China,1812,32.0,2025-07-24
662,China,1813,32.0,2025-07-24
663,China,1814,32.0,2025-07-24
664,China,1815,32.0,2025-07-24
665,China,1816,32.0,2025-07-24
666,China,1817,32.0,2025-07-24
667,China,1818,32.0,2025-07-24
668,China,1819,32.0,2025-07-24
669,China,1820,32.0,2025-07-24
670,China,1821,32.0,2025-07-24
671,China,1822,32.0,2025-07-24
672,China,1823,32.0,2025-07-24
673,China,1824,32.0,2025-07-24
674,China,1825,32.0,2025-07-24
675,China,1826,32.0,2025-07-24
676,China,1827,32.0,2025-07-24
677,China,1828,32.0,2025-07-24
678,China,1829,32.0,2025-07-24
679,China,1830,32.0,2025-07-24
680,China,1831,32.0,2025-07-24
681,China,1832,32.0,2025-07-24
682,China,1833,32.0,2025-07-24
683,China,1834,32.0,2025-07-24
684,China,1835,32.0,2025-07-24
685,China,1836,32.0,2025-07-24
686,China,1837,32.0,2025-07-24
687,China,1838,32.0,2025-07-24
688,China,1839,32.0,2025-07-24
689,China,1840,32.0,2025-07-24
690,China,1841,32.0,2025-07-24
691,China,1842,32.0,2025-07-24
692,China,1843,32.0,2025-07-24
693,China,1844,32.0,2025-07-24
694,China,1845,32.0,2025-07-24
695,China,1846,32.0,2025-07-24
696,China,1847,32.0,2025-07-24
697,China,1848,32.0,2025-07-24
698,China,1849,32.0,2025-07-24
699,China,1850,32.0,2025-07-24
700,China,1851,31.0,2025-07-24
701,China,1852,30.0,2025-07-24
702,China,1853,29.0,2025-07-24
703,China,1854,28.0,2025-07-24
704,China,1855,27.0,2025-07-24
705,China,1856,26.0,2025-07-24
706,China,1857,26.7125,2025-07-24
707,China,1858,27.424999,2025-07-24
708,China,1859,28.137501,2025-07-24
709,China,1860,28.85,2025-07-24
710,China,1861,29.5625,2025-07-24
711,China,1862,30.275,2025-07-24
712,China,1863,30.987499,2025-07-24
713,China,1864,31.700001,2025-07-24
714,China,1865,31.742857,2025-07-24
715,China,1866,31.785715000000003,2025-07-24
716,China,1867,31.828571000000004,2025-07-24
717,China,1868,31.871429,2025-07-24
718,China,1869,31.914285999999997,2025-07-24
719,China,1870,31.957144,2025-07-24
720,China,1871,32.0,2025-07-24
721,China,1872,32.0,2025-07-24
722,China,1873,32.0,2025-07-24
723,China,1874,32.0,2025-07-24
724,China,1875,32.0,2025-07-24
725,China,1876,29.5,2025-07-24
726,China,1877,27.5,2025-07-24
727,China,1878,25.200001,2025-07-24
728,China,1879,28.5,2025-07-24
729,China,1880,32.0,2025-07-24
730,China,1881,32.0,2025-07-24
731,China,1882,32.0,2025-07-24
732,China,1883,32.0,2025-07-24
733,China,1884,32.0,2025-07-24
734,China,1885,32.0,2025-07-24
735,China,1886,32.0,2025-07-24
736,China,1887,32.0,2025-07-24
737,China,1888,32.0,2025-07-24
738,China,1889,32.0,2025-07-24
739,China,1890,32.0,2025-07-24
740,China,1891,32.0,2025-07-24
741,China,1892,32.0,2025-07-24
742,China,1893,32.0,2025-07-24
743,China,1894,32.0,2025-07-24
744,China,1895,32.0,2025-07-24
745,China,1896,32.0,2025-07-24
746,China,1897,32.0,2025-07-24
747,China,1898,32.0,2025-07-24
748,China,1899,32.0,2025-07-24
749,China,1900,32.0,2025-07-24
750,China,1901,32.0,2025-07-24
751,China,1902,32.0,2025-07-24
752,China,1903,32.0,2025-07-24
753,China,1904,32.0,2025-07-24
754,China,1905,32.0,2025-07-24
755,China,1906,32.0,2025-07-24
756,China,1907,32.0,2025-07-24
757,China,1908,32.0,2025-07-24
758,China,1909,32.0,2025-07-24
759,China,1910,32.0,2025-07-24
760,China,1911,32.0,2025-07-24
761,China,1912,32.0,2025-07-24
762,China,1913,32.0,2025-07-24
763,China,1914,32.0,2025-07-24
764,China,1915,32.0,2025-07-24
765,China,1916,32.0,2025-07-24
766,China,1917,32.0,2025-07-24
767,China,1918,22.409520999999998,2025-07-24
768,China,1919,32.0,2025-07-24
769,China,1920,32.0,2025-07-24
770,China,1921,32.0,2025-07-24
771,China,1922,32.0,2025-07-24
772,China,1923,32.0,2025-07-24
773,China,1924,32.0,2025-07-24
774,China,1925,32.0,2025-07-24
775,China,1926,32.360001000000004,2025-07-24
776,China,1927,25.65,2025-07-24
777,China,1928,33.080002,2025-07-24
778,China,1929,29.85,2025-07-24
779,China,1930,33.799999,2025-07-24
780,China,1931,34.200001,2025-07-24
781,China,1932,34.599998,2025-07-24
782,China,1933,35.0,2025-07-24
783,China,1934,35.400002,2025-07-24
784,China,1935,35.799999,2025-07-24
785,China,1936,36.200001,2025-07-24
786,China,1937,34.0,2025-07-24
787,China,1938,33.86343,2025-07-24
788,China,1939,34.11343,2025-07-24
789,China,1940,34.36343,2025-07-24
790,China,1941,34.0,2025-07-24
791,China,1942,32.0,2025-07-24
792,China,1943,29.0,2025-07-24
793,China,1944,35.0,2025-07-24
794,China,1945,37.0,2025-07-24
795,China,1946,38.5,2025-07-24
796,China,1947,39.599998,2025-07-24
797,China,1948,40.099998,2025-07-24
798,China,1949,40.599998,2025-07-24
799,China,1950,41.589882,2025-07-24
800,China,1951,42.579762,2025-07-24
801,China,1952,43.569641,2025-07-24
802,China,1953,44.559521000000004,2025-07-24
803,China,1954,46.465599,2025-07-24
804,China,1955,48.02216,2025-07-24
805,China,1956,50.445278,2025-07-24
806,China,1957,50.548962,2025-07-24
807,China,1958,50.158401,2025-07-24
808,China,1959,38.40448,2025-07-24
809,China,1960,31.631759999999996,2025-07-24
810,China,1961,34.104481,2025-07-24
811,China,1962,44.501362,2025-07-24
812,China,1963,51.89912,2025-07-24
813,China,1964,53.320721,2025-07-24
814,China,1965,55.646801,2025-07-24
815,China,1966,56.8032,2025-07-24
816,China,1967,58.38111899999999,2025-07-24
817,China,1968,59.405201,2025-07-24
818,China,1969,60.965199,2025-07-24
819,China,1970,62.650799,2025-07-24
820,China,1971,63.73735799999999,2025-07-24
821,China,1972,63.11888100000001,2025-07-24
822,China,1973,62.7808,2025-07-24
823,China,1974,62.499598999999996,2025-07-24
824,China,1975,62.698879000000005,2025-07-24
825,China,1976,62.437358999999994,2025-07-24
826,China,1977,63.967361,2025-07-24
827,China,1978,64.244324,2025-07-24
828,China,1979,65.085358,2025-07-24
829,China,1980,66.122162,2025-07-24
830,China,1981,66.44976,2025-07-24
831,China,1982,67.587997,2025-07-24
832,China,1983,67.848,2025-07-24
833,China,1984,68.099998,2025-07-24
834,China,1985,68.344002,2025-07-24
835,China,1986,68.581001,2025-07-24
836,China,1987,68.809998,2025-07-24
837,China,1988,69.031998,2025-07-24
838,China,1989,69.248001,2025-07-24
839,China,1990,66.959999,2025-07-24
840,China,1991,67.230003,2025-07-24
841,China,1992,67.43,2025-07-24
842,China,1993,67.66999799999999,2025-07-24
843,China,1994,67.940002,2025-07-24
844,China,1995,68.290001,2025-07-24
845,China,1996,68.620003,2025-07-24
846,China,1997,68.91999799999999,2025-07-24
847,China,1998,69.25,2025-07-24
848,China,1999,69.610001,2025-07-24
849,China,2000,69.940002,2025-07-24
850,China,2001,70.220001,2025-07-24
851,China,2002,70.519997,2025-07-24
852,China,2003,71.220001,2025-07-24
853,China,2004,71.779999,2025-07-24
854,China,2005,72.260002,2025-07-24
855,China,2006,72.879997,2025-07-24
856,China,2007,73.379997,2025-07-24
857,China,2008,73.599998,2025-07-24
858,China,2009,74.120003,2025-07-24
859,China,2010,74.41999799999999,2025-07-24
860,China,2011,74.870003,2025-07-24
861,China,2012,75.25,2025-07-24
862,China,2013,75.519997,2025-07-24
863,China,2014,75.68,2025-07-24
864,China,2015,76.040001,2025-07-24
865,China,2016,76.360001,2025-07-24
866,France,1800,33.967171,2025-07-24
867,France,1801,36.374649,2025-07-24
868,France,1802,34.379993,2025-07-24
869,France,1803,30.642621999999996,2025-07-24
870,France,1804,29.381762,2025-07-24
871,France,1805,34.87632,2025-07-24
872,France,1806,35.0,2025-07-24
873,France,1807,34.200001,2025-07-24
874,France,1808,34.5,2025-07-24
875,France,1809,35.0,2025-07-24
876,France,1810,37.400002,2025-07-24
877,France,1811,36.099998,2025-07-24
878,France,1812,31.700001,2025-07-24
879,France,1813,31.200001,2025-07-24
880,France,1814,30.1,2025-07-24
881,France,1815,36.5,2025-07-24
882,France,1816,40.040001000000004,2025-07-24
883,France,1817,39.18,2025-07-24
884,France,1818,38.529999,2025-07-24
885,France,1819,37.25,2025-07-24
886,France,1820,39.209998999999996,2025-07-24
887,France,1821,39.830002,2025-07-24
888,France,1822,38.299999,2025-07-24
889,France,1823,39.970001,2025-07-24
890,France,1824,39.139998999999996,2025-07-24
891,France,1825,38.529999,2025-07-24
892,France,1826,37.759997999999996,2025-07-24
893,France,1827,39.349998,2025-07-24
894,France,1828,37.529999,2025-07-24
895,France,1829,39.360001000000004,2025-07-24
896,France,1830,39.560001,2025-07-24
897,France,1831,39.650002,2025-07-24
898,France,1832,35.810001,2025-07-24
899,France,1833,38.830002,2025-07-24
900,France,1834,35.009997999999996,2025-07-24
901,France,1835,39.48,2025-07-24
902,France,1836,41.950001,2025-07-24
903,France,1837,39.380001,2025-07-24
904,France,1838,39.330002,2025-07-24
905,France,1839,40.91,2025-07-24
906,France,1840,40.369999,2025-07-24
907,France,1841,40.68,2025-07-24
908,France,1842,40.009997999999996,2025-07-24
909,France,1843,40.75,2025-07-24
910,France,1844,42.290001000000004,2025-07-24
911,France,1845,43.580002,2025-07-24
912,France,1846,40.669998,2025-07-24
913,France,1847,40.41,2025-07-24
914,France,1848,40.290001000000004,2025-07-24
915,France,1849,35.91,2025-07-24
916,France,1850,43.279999,2025-07-24
917,France,1851,41.77,2025-07-24
918,France,1852,41.32,2025-07-24
919,France,1853,42.52,2025-07-24
920,France,1854,36.130001,2025-07-24
921,France,1855,37.540001000000004,2025-07-24
922,France,1856,40.18,2025-07-24
923,France,1857,39.59,2025-07-24
924,France,1858,39.669998,2025-07-24
925,France,1859,35.259997999999996,2025-07-24
926,France,1860,43.330002,2025-07-24
927,France,1861,40.450001,2025-07-24
928,France,1862,42.700001,2025-07-24
929,France,1863,41.73,2025-07-24
930,France,1864,42.009997999999996,2025-07-24
931,France,1865,40.16,2025-07-24
932,France,1866,41.830002,2025-07-24
933,France,1867,42.330002,2025-07-24
934,France,1868,40.23,2025-07-24
935,France,1869,41.139998999999996,2025-07-24
936,France,1870,36.41,2025-07-24
937,France,1871,29.59,2025-07-24
938,France,1872,42.639998999999996,2025-07-24
939,France,1873,41.75,2025-07-24
940,France,1874,44.299999,2025-07-24
941,France,1875,43.169998,2025-07-24
942,France,1876,43.549999,2025-07-24
943,France,1877,44.330002,2025-07-24
944,France,1878,43.360001000000004,2025-07-24
945,France,1879,43.990002000000004,2025-07-24
946,France,1880,42.73,2025-07-24
947,France,1881,43.549999,2025-07-24
948,France,1882,43.16,2025-07-24
949,France,1883,43.279999,2025-07-24
950,France,1884,42.52,2025-07-24
951,France,1885,43.970001,2025-07-24
952,France,1886,43.169998,2025-07-24
953,France,1887,43.75,2025-07-24
954,France,1888,44.150002,2025-07-24
955,France,1889,45.560001,2025-07-24
956,France,1890,43.360001000000004,2025-07-24
957,France,1891,44.110001000000004,2025-07-24
958,France,1892,43.57,2025-07-24
959,France,1893,43.599998,2025-07-24
960,France,1894,45.529999,2025-07-24
961,France,1895,45.200001,2025-07-24
962,France,1896,47.560001,2025-07-24
963,France,1897,47.93,2025-07-24
964,France,1898,45.990002000000004,2025-07-24
965,France,1899,45.23,2025-07-24
966,France,1900,45.080002,2025-07-24
967,France,1901,47.009997999999996,2025-07-24
968,France,1902,48.009997999999996,2025-07-24
969,France,1903,48.43,2025-07-24
970,France,1904,48.080002,2025-07-24
971,France,1905,48.360001000000004,2025-07-24
972,France,1906,47.740002000000004,2025-07-24
973,France,1907,48.279999,2025-07-24
974,France,1908,49.299999,2025-07-24
975,France,1909,50.009997999999996,2025-07-24
976,France,1910,51.369999,2025-07-24
977,France,1911,48.169998,2025-07-24
978,France,1912,51.619999,2025-07-24
979,France,1913,51.349998,2025-07-24
980,France,1914,37.849998,2025-07-24
981,France,1915,35.630001,2025-07-24
982,France,1916,39.509997999999996,2025-07-24
983,France,1917,42.599998,2025-07-24
984,France,1918,34.34,2025-07-24
985,France,1919,47.52,2025-07-24
986,France,1920,51.599998,2025-07-24
987,France,1921,52.689999,2025-07-24
988,France,1922,54.919998,2025-07-24
989,France,1923,54.650002,2025-07-24
990,France,1924,55.27,2025-07-24
991,France,1925,54.389998999999996,2025-07-24
992,France,1926,54.029999,2025-07-24
993,France,1927,55.799999,2025-07-24
994,France,1928,55.439999,2025-07-24
995,France,1929,54.27,2025-07-24
996,France,1930,56.869999,2025-07-24
997,France,1931,56.93,2025-07-24
998,France,1932,57.259997999999996,2025-07-24
999,France,1933,57.700001,2025-07-24
1000,France,1934,58.360001000000004,2025-07-24
1001,France,1935,58.32,2025-07-24
1002,France,1936,58.810001,2025-07-24
1003,France,1937,59.169998,2025-07-24
1004,France,1938,58.970001,2025-07-24
1005,France,1939,59.619999,2025-07-24
1006,France,1940,49.450001,2025-07-24
1007,France,1941,57.669998,2025-07-24
1008,France,1942,57.439999,2025-07-24
1009,France,1943,53.330002,2025-07-24
1010,France,1944,47.189999,2025-07-24
1011,France,1945,54.959998999999996,2025-07-24
1012,France,1946,62.380001,2025-07-24
1013,France,1947,63.98,2025-07-24
1014,France,1948,65.83000200000001,2025-07-24
1015,France,1949,64.91999799999999,2025-07-24
1016,France,1950,66.389999,2025-07-24
1017,France,1951,66.120003,2025-07-24
1018,France,1952,67.410004,2025-07-24
1019,France,1953,67.339996,2025-07-24
1020,France,1954,68.209999,2025-07-24
1021,France,1955,68.470001,2025-07-24
1022,France,1956,68.5,2025-07-24
1023,France,1957,68.93,2025-07-24
1024,France,1958,70.160004,2025-07-24
1025,France,1959,70.190002,2025-07-24
1026,France,1960,70.400002,2025-07-24
1027,France,1961,70.980003,2025-07-24
1028,France,1962,70.510002,2025-07-24
1029,France,1963,70.360001,2025-07-24
1030,France,1964,71.32,2025-07-24
1031,France,1965,71.150002,2025-07-24
1032,France,1966,71.559998,2025-07-24
1033,France,1967,71.550003,2025-07-24
1034,France,1968,71.540001,2025-07-24
1035,France,1969,71.269997,2025-07-24
1036,France,1970,72.160004,2025-07-24
1037,France,1971,72.129997,2025-07-24
1038,France,1972,72.379997,2025-07-24
1039,France,1973,72.540001,2025-07-24
1040,France,1974,72.889999,2025-07-24
1041,France,1975,72.980003,2025-07-24
1042,France,1976,73.220001,2025-07-24
1043,France,1977,73.83000200000001,2025-07-24
1044,France,1978,73.949997,2025-07-24
1045,France,1979,74.260002,2025-07-24
1046,France,1980,74.349998,2025-07-24
1047,France,1981,74.510002,2025-07-24
1048,France,1982,74.889999,2025-07-24
1049,France,1983,74.870003,2025-07-24
1050,France,1984,75.370003,2025-07-24
1051,France,1985,75.470001,2025-07-24
1052,France,1986,75.75,2025-07-24
1053,France,1987,76.339996,2025-07-24
1054,France,1988,76.57,2025-07-24
1055,France,1989,76.690002,2025-07-24
1056,France,1990,77.160004,2025-07-24
1057,France,1991,77.349998,2025-07-24
1058,France,1992,77.57,2025-07-24
1059,France,1993,77.739998,2025-07-24
1060,France,1994,77.949997,2025-07-24
1061,France,1995,78.120003,2025-07-24
1062,France,1996,78.33000200000001,2025-07-24
1063,France,1997,78.650002,2025-07-24
1064,France,1998,78.769997,2025-07-24
1065,France,1999,78.91999799999999,2025-07-24
1066,France,2000,79.120003,2025-07-24
1067,France,2001,79.349998,2025-07-24
1068,France,2002,79.589996,2025-07-24
1069,France,2003,79.769997,2025-07-24
1070,France,2004,80.150002,2025-07-24
1071,France,2005,80.400002,2025-07-24
1072,France,2006,80.66999799999999,2025-07-24
1073,France,2007,80.910004,2025-07-24
1074,France,2008,81.08000200000001,2025-07-24
1075,France,2009,81.290001,2025-07-24
1076,France,2010,81.480003,2025-07-24
1077,France,2011,81.709999,2025-07-24
1078,France,2012,81.839996,2025-07-24
1079,France,2013,82.010002,2025-07-24
1080,France,2014,82.220001,2025-07-24
1081,France,2015,82.269997,2025-07-24
1082,France,2016,82.339996,2025-07-24
1083,Germany,1800,38.369999,2025-07-24
1084,Germany,1801,38.369999,2025-07-24
1085,Germany,1802,38.369999,2025-07-24
1086,Germany,1803,38.369999,2025-07-24
1087,Germany,1804,38.369999,2025-07-24
1088,Germany,1805,38.369999,2025-07-24
1089,Germany,1806,38.369999,2025-07-24
1090,Germany,1807,38.369999,2025-07-24
1091,Germany,1808,38.369999,2025-07-24
1092,Germany,1809,38.369999,2025-07-24
1093,Germany,1810,38.369999,2025-07-24
1094,Germany,1811,38.369999,2025-07-24
1095,Germany,1812,38.369999,2025-07-24
1096,Germany,1813,38.369999,2025-07-24
1097,Germany,1814,38.369999,2025-07-24
1098,Germany,1815,38.369999,2025-07-24
1099,Germany,1816,38.369999,2025-07-24
1100,Germany,1817,38.369999,2025-07-24
1101,Germany,1818,38.369999,2025-07-24
1102,Germany,1819,38.369999,2025-07-24
1103,Germany,1820,38.369999,2025-07-24
1104,Germany,1821,38.369999,2025-07-24
1105,Germany,1822,38.369999,2025-07-24
1106,Germany,1823,38.369999,2025-07-24
1107,Germany,1824,38.369999,2025-07-24
1108,Germany,1825,38.369999,2025-07-24
1109,Germany,1826,38.369999,2025-07-24
1110,Germany,1827,38.369999,2025-07-24
1111,Germany,1828,38.369999,2025-07-24
1112,Germany,1829,38.369999,2025-07-24
1113,Germany,1830,38.369999,2025-07-24
1114,Germany,1831,38.369999,2025-07-24
1115,Germany,1832,38.369999,2025-07-24
1116,Germany,1833,38.369999,2025-07-24
1117,Germany,1834,38.369999,2025-07-24
1118,Germany,1835,38.369999,2025-07-24
1119,Germany,1836,38.369999,2025-07-24
1120,Germany,1837,38.369999,2025-07-24
1121,Germany,1838,38.369999,2025-07-24
1122,Germany,1839,38.369999,2025-07-24
1123,Germany,1840,38.369999,2025-07-24
1124,Germany,1841,38.369999,2025-07-24
1125,Germany,1842,38.369999,2025-07-24
1126,Germany,1843,38.369999,2025-07-24
1127,Germany,1844,38.369999,2025-07-24
1128,Germany,1845,38.369999,2025-07-24
1129,Germany,1846,38.369999,2025-07-24
1130,Germany,1847,38.369999,2025-07-24
1131,Germany,1848,38.369999,2025-07-24
1132,Germany,1849,38.369999,2025-07-24
1133,Germany,1850,38.369999,2025-07-24
1134,Germany,1851,38.369999,2025-07-24
1135,Germany,1852,38.369999,2025-07-24
1136,Germany,1853,38.369999,2025-07-24
1137,Germany,1854,38.369999,2025-07-24
1138,Germany,1855,38.369999,2025-07-24
1139,Germany,1856,38.369999,2025-07-24
1140,Germany,1857,38.369999,2025-07-24
1141,Germany,1858,38.369999,2025-07-24
1142,Germany,1859,38.369999,2025-07-24
1143,Germany,1860,38.369999,2025-07-24
1144,Germany,1861,38.369999,2025-07-24
1145,Germany,1862,38.369999,2025-07-24
1146,Germany,1863,38.369999,2025-07-24
1147,Germany,1864,38.369999,2025-07-24
1148,Germany,1865,38.369999,2025-07-24
1149,Germany,1866,38.369999,2025-07-24
1150,Germany,1867,38.369999,2025-07-24
1151,Germany,1868,38.369999,2025-07-24
1152,Germany,1869,38.369999,2025-07-24
1153,Germany,1870,38.369999,2025-07-24
1154,Germany,1871,38.369999,2025-07-24
1155,Germany,1872,38.369999,2025-07-24
1156,Germany,1873,38.369999,2025-07-24
1157,Germany,1874,38.369999,2025-07-24
1158,Germany,1875,38.369999,2025-07-24
1159,Germany,1876,38.477001,2025-07-24
1160,Germany,1877,38.584,2025-07-24
1161,Germany,1878,38.691002000000005,2025-07-24
1162,Germany,1879,38.798,2025-07-24
1163,Germany,1880,38.904999,2025-07-24
1164,Germany,1881,39.012001,2025-07-24
1165,Germany,1882,39.118999,2025-07-24
1166,Germany,1883,39.226002,2025-07-24
1167,Germany,1884,39.333,2025-07-24
1168,Germany,1885,39.439999,2025-07-24
1169,Germany,1886,39.734001,2025-07-24
1170,Germany,1887,40.028,2025-07-24
1171,Germany,1888,40.321999,2025-07-24
1172,Germany,1889,40.616001000000004,2025-07-24
1173,Germany,1890,40.91,2025-07-24
1174,Germany,1891,41.203998999999996,2025-07-24
1175,Germany,1892,41.498001,2025-07-24
1176,Germany,1893,41.792,2025-07-24
1177,Germany,1894,42.085999,2025-07-24
1178,Germany,1895,42.380001,2025-07-24
1179,Germany,1896,42.687,2025-07-24
1180,Germany,1897,42.993999,2025-07-24
1181,Germany,1898,43.300999,2025-07-24
1182,Germany,1899,43.608002,2025-07-24
1183,Germany,1900,43.915001000000004,2025-07-24
1184,Germany,1901,44.222,2025-07-24
1185,Germany,1902,44.528999,2025-07-24
1186,Germany,1903,44.835999,2025-07-24
1187,Germany,1904,45.143002,2025-07-24
1188,Germany,1905,45.450001,2025-07-24
1189,Germany,1906,46.041668,2025-07-24
1190,Germany,1907,46.633334999999995,2025-07-24
1191,Germany,1908,47.224998,2025-07-24
1192,Germany,1909,47.816666,2025-07-24
1193,Germany,1910,48.408333,2025-07-24
1194,Germany,1911,49.0,2025-07-24
1195,Germany,1912,49.591667,2025-07-24
1196,Germany,1913,50.183334,2025-07-24
1197,Germany,1914,46.176483000000005,2025-07-24
1198,Germany,1915,40.525562,2025-07-24
1199,Germany,1916,38.988819,2025-07-24
1200,Germany,1917,40.080376,2025-07-24
1201,Germany,1918,32.936821,2025-07-24
1202,Germany,1919,48.32066,2025-07-24
1203,Germany,1920,53.5,2025-07-24
1204,Germany,1921,55.014286,2025-07-24
1205,Germany,1922,55.615715,2025-07-24
1206,Germany,1923,56.217144,2025-07-24
1207,Germany,1924,56.818573,2025-07-24
1208,Germany,1925,57.419998,2025-07-24
1209,Germany,1926,57.827999,2025-07-24
1210,Germany,1927,58.236000000000004,2025-07-24
1211,Germany,1928,58.644001,2025-07-24
1212,Germany,1929,59.051998,2025-07-24
1213,Germany,1930,59.459998999999996,2025-07-24
1214,Germany,1931,59.868,2025-07-24
1215,Germany,1932,60.276001,2025-07-24
1216,Germany,1933,60.683997999999995,2025-07-24
1217,Germany,1934,61.091999,2025-07-24
1218,Germany,1935,61.5,2025-07-24
1219,Germany,1936,61.786667,2025-07-24
1220,Germany,1937,62.073333999999996,2025-07-24
1221,Germany,1938,62.360001000000004,2025-07-24
1222,Germany,1939,61.0,2025-07-24
1223,Germany,1940,60.659874,2025-07-24
1224,Germany,1941,59.0,2025-07-24
1225,Germany,1942,55.0,2025-07-24
1226,Germany,1943,49.700001,2025-07-24
1227,Germany,1944,37.0,2025-07-24
1228,Germany,1945,29.0,2025-07-24
1229,Germany,1946,60.511359999999996,2025-07-24
1230,Germany,1947,62.109519999999996,2025-07-24
1231,Germany,1948,63.70768,2025-07-24
1232,Germany,1949,65.30584,2025-07-24
1233,Germany,1950,66.903999,2025-07-24
1234,Germany,1951,67.066002,2025-07-24
1235,Germany,1952,67.385002,2025-07-24
1236,Germany,1953,67.692001,2025-07-24
1237,Germany,1954,67.987999,2025-07-24
1238,Germany,1955,68.271004,2025-07-24
1239,Germany,1956,68.56244699999999,2025-07-24
1240,Germany,1957,68.480408,2025-07-24
1241,Germany,1958,69.220451,2025-07-24
1242,Germany,1959,69.327461,2025-07-24
1243,Germany,1960,69.245232,2025-07-24
1244,Germany,1961,69.836433,2025-07-24
1245,Germany,1962,70.004387,2025-07-24
1246,Germany,1963,70.092888,2025-07-24
1247,Germany,1964,70.6511,2025-07-24
1248,Germany,1965,70.634499,2025-07-24
1249,Germany,1966,70.748108,2025-07-24
1250,Germany,1967,70.969948,2025-07-24
1251,Germany,1968,70.615448,2025-07-24
1252,Germany,1969,70.464897,2025-07-24
1253,Germany,1970,70.704155,2025-07-24
1254,Germany,1971,70.920242,2025-07-24
1255,Germany,1972,71.144203,2025-07-24
1256,Germany,1973,71.390862,2025-07-24
1257,Germany,1974,71.692909,2025-07-24
1258,Germany,1975,71.538567,2025-07-24
1259,Germany,1976,71.999985,2025-07-24
1260,Germany,1977,72.61065699999999,2025-07-24
1261,Germany,1978,72.584106,2025-07-24
1262,Germany,1979,72.943237,2025-07-24
1263,Germany,1980,73.116646,2025-07-24
1264,Germany,1981,73.353973,2025-07-24
1265,Germany,1982,73.656998,2025-07-24
1266,Germany,1983,73.935532,2025-07-24
1267,Germany,1984,74.413895,2025-07-24
1268,Germany,1985,74.517555,2025-07-24
1269,Germany,1986,74.72496,2025-07-24
1270,Germany,1987,75.12293199999999,2025-07-24
1271,Germany,1988,75.29594399999999,2025-07-24
1272,Germany,1989,75.478043,2025-07-24
1273,Germany,1990,75.470001,2025-07-24
1274,Germany,1991,75.709999,2025-07-24
1275,Germany,1992,76.0,2025-07-24
1276,Germany,1993,76.16999799999999,2025-07-24
1277,Germany,1994,76.400002,2025-07-24
1278,Germany,1995,76.639999,2025-07-24
1279,Germany,1996,76.889999,2025-07-24
1280,Germany,1997,77.18,2025-07-24
1281,Germany,1998,77.449997,2025-07-24
1282,Germany,1999,77.730003,2025-07-24
1283,Germany,2000,78.019997,2025-07-24
1284,Germany,2001,78.300003,2025-07-24
1285,Germany,2002,78.519997,2025-07-24
1286,Germany,2003,78.720001,2025-07-24
1287,Germany,2004,79.019997,2025-07-24
1288,Germany,2005,79.25,2025-07-24
1289,Germany,2006,79.489998,2025-07-24
1290,Germany,2007,79.66999799999999,2025-07-24
1291,Germany,2008,79.83000200000001,2025-07-24
1292,Germany,2009,79.970001,2025-07-24
1293,Germany,2010,80.139999,2025-07-24
1294,Germany,2011,80.32,2025-07-24
1295,Germany,2012,80.480003,2025-07-24
1296,Germany,2013,80.57,2025-07-24
1297,Germany,2014,80.790001,2025-07-24
1298,Germany,2015,80.870003,2025-07-24
1299,Germany,2016,80.93,2025-07-24
1300,India,1800,25.4424,2025-07-24
1301,India,1801,25.4424,2025-07-24
1302,India,1802,25.0,2025-07-24
1303,India,1803,24.0,2025-07-24
1304,India,1804,23.5,2025-07-24
1305,India,1805,25.4424,2025-07-24
1306,India,1806,25.4424,2025-07-24
1307,India,1807,25.4424,2025-07-24
1308,India,1808,25.4424,2025-07-24
1309,India,1809,25.4424,2025-07-24
1310,India,1810,25.4424,2025-07-24
1311,India,1811,25.4424,2025-07-24
1312,India,1812,23.0,2025-07-24
1313,India,1813,25.4424,2025-07-24
1314,India,1814,25.4424,2025-07-24
1315,India,1815,25.4424,2025-07-24
1316,India,1816,25.4424,2025-07-24
1317,India,1817,25.4424,2025-07-24
1318,India,1818,25.4424,2025-07-24
1319,India,1819,25.4424,2025-07-24
1320,India,1820,25.4424,2025-07-24
1321,India,1821,25.4424,2025-07-24
1322,India,1822,25.4424,2025-07-24
1323,India,1823,25.4424,2025-07-24
1324,India,1824,25.4424,2025-07-24
1325,India,1825,25.4424,2025-07-24
1326,India,1826,25.4424,2025-07-24
1327,India,1827,25.4424,2025-07-24
1328,India,1828,25.4424,2025-07-24
1329,India,1829,25.4424,2025-07-24
1330,India,1830,25.4424,2025-07-24
1331,India,1831,25.4424,2025-07-24
1332,India,1832,23.0,2025-07-24
1333,India,1833,22.0,2025-07-24
1334,India,1834,25.4424,2025-07-24
1335,India,1835,25.4424,2025-07-24
1336,India,1836,25.4424,2025-07-24
1337,India,1837,24.299999,2025-07-24
1338,India,1838,23.9,2025-07-24
1339,India,1839,25.4424,2025-07-24
1340,India,1840,25.4424,2025-07-24
1341,India,1841,25.4424,2025-07-24
1342,India,1842,25.4424,2025-07-24
1343,India,1843,25.4424,2025-07-24
1344,India,1844,25.4424,2025-07-24
1345,India,1845,25.4424,2025-07-24
1346,India,1846,25.4424,2025-07-24
1347,India,1847,25.4424,2025-07-24
1348,India,1848,25.4424,2025-07-24
1349,India,1849,25.4424,2025-07-24
1350,India,1850,25.4424,2025-07-24
1351,India,1851,25.4424,2025-07-24
1352,India,1852,25.4424,2025-07-24
1353,India,1853,25.4424,2025-07-24
1354,India,1854,25.4424,2025-07-24
1355,India,1855,25.4424,2025-07-24
1356,India,1856,25.4424,2025-07-24
1357,India,1857,25.4424,2025-07-24
1358,India,1858,25.4424,2025-07-24
1359,India,1859,25.4424,2025-07-24
1360,India,1860,23.0,2025-07-24
1361,India,1861,22.0,2025-07-24
1362,India,1862,25.4424,2025-07-24
1363,India,1863,25.4424,2025-07-24
1364,India,1864,25.252295999999998,2025-07-24
1365,India,1865,25.252295999999998,2025-07-24
1366,India,1866,21.039825,2025-07-24
1367,India,1867,25.252295999999998,2025-07-24
1368,India,1868,25.252295999999998,2025-07-24
1369,India,1869,21.304474,2025-07-24
1370,India,1870,25.4424,2025-07-24
1371,India,1871,25.4424,2025-07-24
1372,India,1872,25.4424,2025-07-24
1373,India,1873,25.4424,2025-07-24
1374,India,1874,25.4424,2025-07-24
1375,India,1875,25.110001,2025-07-24
1376,India,1876,20.0,2025-07-24
1377,India,1877,19.0,2025-07-24
1378,India,1878,20.0,2025-07-24
1379,India,1879,25.4424,2025-07-24
1380,India,1880,25.4424,2025-07-24
1381,India,1881,25.4424,2025-07-24
1382,India,1882,25.3248,2025-07-24
1383,India,1883,25.207199,2025-07-24
1384,India,1884,25.0896,2025-07-24
1385,India,1885,24.971999999999998,2025-07-24
1386,India,1886,24.854401,2025-07-24
1387,India,1887,24.736798999999998,2025-07-24
1388,India,1888,24.417561,2025-07-24
1389,India,1889,24.300924,2025-07-24
1390,India,1890,24.384001,2025-07-24
1391,India,1891,23.025278,2025-07-24
1392,India,1892,22.654757,2025-07-24
1393,India,1893,24.110241000000002,2025-07-24
1394,India,1894,24.03216,2025-07-24
1395,India,1895,23.950001,2025-07-24
1396,India,1896,22.75,2025-07-24
1397,India,1897,19.85,2025-07-24
1398,India,1898,25.75,2025-07-24
1399,India,1899,23.35,2025-07-24
1400,India,1900,18.35,2025-07-24
1401,India,1901,23.049999,2025-07-24
1402,India,1902,23.6,2025-07-24
1403,India,1903,23.417761,2025-07-24
1404,India,1904,22.0,2025-07-24
1405,India,1905,21.9,2025-07-24
1406,India,1906,21.886934,2025-07-24
1407,India,1907,19.238894000000002,2025-07-24
1408,India,1908,23.248159,2025-07-24
1409,India,1909,23.214239000000003,2025-07-24
1410,India,1910,23.180321,2025-07-24
1411,India,1911,23.1464,2025-07-24
1412,India,1912,23.338576999999997,2025-07-24
1413,India,1913,23.530756,2025-07-24
1414,India,1914,23.722932999999998,2025-07-24
1415,India,1915,23.915112,2025-07-24
1416,India,1916,24.107288,2025-07-24
1417,India,1917,24.299467,2025-07-24
1418,India,1918,8.1088362,2025-07-24
1419,India,1919,24.578934,2025-07-24
1420,India,1920,24.718666,2025-07-24
1421,India,1921,24.8584,2025-07-24
1422,India,1922,25.304001,2025-07-24
1423,India,1923,25.749599,2025-07-24
1424,India,1924,26.1952,2025-07-24
1425,India,1925,26.6408,2025-07-24
1426,India,1926,27.086399,2025-07-24
1427,India,1927,27.531999999999996,2025-07-24
1428,India,1928,27.9776,2025-07-24
1429,India,1929,28.423201000000002,2025-07-24
1430,India,1930,28.868799,2025-07-24
1431,India,1931,29.3144,2025-07-24
1432,India,1932,29.642241,2025-07-24
1433,India,1933,29.970079,2025-07-24
1434,India,1934,30.29792,2025-07-24
1435,India,1935,30.625759000000002,2025-07-24
1436,India,1936,30.9536,2025-07-24
1437,India,1937,31.281440999999997,2025-07-24
1438,India,1938,31.60928,2025-07-24
1439,India,1939,31.93712,2025-07-24
1440,India,1940,32.264961,2025-07-24
1441,India,1941,32.5928,2025-07-24
1442,India,1942,32.841377,2025-07-24
1443,India,1943,32.099751,2025-07-24
1444,India,1944,32.596069,2025-07-24
1445,India,1945,33.587112,2025-07-24
1446,India,1946,33.83569,2025-07-24
1447,India,1947,32.378502000000005,2025-07-24
1448,India,1948,34.08567,2025-07-24
1449,India,1949,34.581421,2025-07-24
1450,India,1950,34.830002,2025-07-24
1451,India,1951,35.167,2025-07-24
1452,India,1952,35.842999,2025-07-24
1453,India,1953,36.521999,2025-07-24
1454,India,1954,37.203998999999996,2025-07-24
1455,India,1955,37.889,2025-07-24
1456,India,1956,38.577999,2025-07-24
1457,India,1957,39.271,2025-07-24
1458,India,1958,39.969002,2025-07-24
1459,India,1959,40.674999,2025-07-24
1460,India,1960,41.390999,2025-07-24
1461,India,1961,42.118999,2025-07-24
1462,India,1962,42.860001000000004,2025-07-24
1463,India,1963,43.612999,2025-07-24
1464,India,1964,44.375,2025-07-24
1465,India,1965,45.140999,2025-07-24
1466,India,1966,45.903,2025-07-24
1467,India,1967,46.654999,2025-07-24
1468,India,1968,47.394001,2025-07-24
1469,India,1969,48.118999,2025-07-24
1470,India,1970,48.835999,2025-07-24
1471,India,1971,49.554001,2025-07-24
1472,India,1972,50.280998,2025-07-24
1473,India,1973,51.014998999999996,2025-07-24
1474,India,1974,51.75,2025-07-24
1475,India,1975,52.470001,2025-07-24
1476,India,1976,53.159,2025-07-24
1477,India,1977,53.799999,2025-07-24
1478,India,1978,54.382999,2025-07-24
1479,India,1979,54.903,2025-07-24
1480,India,1980,55.362999,2025-07-24
1481,India,1981,55.766998,2025-07-24
1482,India,1982,56.131001,2025-07-24
1483,India,1983,56.470001,2025-07-24
1484,India,1984,56.792,2025-07-24
1485,India,1985,57.102001,2025-07-24
1486,India,1986,57.400002,2025-07-24
1487,India,1987,57.687,2025-07-24
1488,India,1988,57.964001,2025-07-24
1489,India,1989,58.237999,2025-07-24
1490,India,1990,58.959998999999996,2025-07-24
1491,India,1991,59.310001,2025-07-24
1492,India,1992,59.650002,2025-07-24
1493,India,1993,60.02,2025-07-24
1494,India,1994,60.380001,2025-07-24
1495,India,1995,60.73,2025-07-24
1496,India,1996,61.029999,2025-07-24
1497,India,1997,61.279999,2025-07-24
1498,India,1998,61.610001000000004,2025-07-24
1499,India,1999,61.939999,2025-07-24
1500,India,2000,62.290001000000004,2025-07-24
1501,India,2001,62.619999,2025-07-24
1502,India,2002,63.0,2025-07-24
1503,India,2003,63.400002,2025-07-24
1504,India,2004,63.77,2025-07-24
1505,India,2005,64.160004,2025-07-24
1506,India,2006,64.550003,2025-07-24
1507,India,2007,64.93,2025-07-24
1508,India,2008,65.32,2025-07-24
1509,India,2009,65.730003,2025-07-24
1510,India,2010,66.120003,2025-07-24
1511,India,2011,66.510002,2025-07-24
1512,India,2012,66.910004,2025-07-24
1513,India,2013,67.279999,2025-07-24
1514,India,2014,67.720001,2025-07-24
1515,India,2015,68.099998,2025-07-24
1516,India,2016,68.550003,2025-07-24
1517,Italy,1800,29.690001000000002,2025-07-24
1518,Italy,1801,29.690001000000002,2025-07-24
1519,Italy,1802,29.690001000000002,2025-07-24
1520,Italy,1803,29.690001000000002,2025-07-24
1521,Italy,1804,29.690001000000002,2025-07-24
1522,Italy,1805,29.690001000000002,2025-07-24
1523,Italy,1806,29.690001000000002,2025-07-24
1524,Italy,1807,29.690001000000002,2025-07-24
1525,Italy,1808,29.690001000000002,2025-07-24
1526,Italy,1809,29.690001000000002,2025-07-24
1527,Italy,1810,29.690001000000002,2025-07-24
1528,Italy,1811,29.690001000000002,2025-07-24
1529,Italy,1812,29.690001000000002,2025-07-24
1530,Italy,1813,29.690001000000002,2025-07-24
1531,Italy,1814,29.690001000000002,2025-07-24
1532,Italy,1815,29.690001000000002,2025-07-24
1533,Italy,1816,29.690001000000002,2025-07-24
1534,Italy,1817,29.690001000000002,2025-07-24
1535,Italy,1818,29.690001000000002,2025-07-24
1536,Italy,1819,29.690001000000002,2025-07-24
1537,Italy,1820,29.690001000000002,2025-07-24
1538,Italy,1821,29.690001000000002,2025-07-24
1539,Italy,1822,29.690001000000002,2025-07-24
1540,Italy,1823,29.690001000000002,2025-07-24
1541,Italy,1824,29.690001000000002,2025-07-24
1542,Italy,1825,29.690001000000002,2025-07-24
1543,Italy,1826,29.690001000000002,2025-07-24
1544,Italy,1827,29.690001000000002,2025-07-24
1545,Italy,1828,29.690001000000002,2025-07-24
1546,Italy,1829,29.690001000000002,2025-07-24
1547,Italy,1830,29.690001000000002,2025-07-24
1548,Italy,1831,29.690001000000002,2025-07-24
1549,Italy,1832,29.690001000000002,2025-07-24
1550,Italy,1833,29.690001000000002,2025-07-24
1551,Italy,1834,29.690001000000002,2025-07-24
1552,Italy,1835,29.690001000000002,2025-07-24
1553,Italy,1836,29.690001000000002,2025-07-24
1554,Italy,1837,29.690001000000002,2025-07-24
1555,Italy,1838,29.690001000000002,2025-07-24
1556,Italy,1839,29.690001000000002,2025-07-24
1557,Italy,1840,29.690001000000002,2025-07-24
1558,Italy,1841,29.690001000000002,2025-07-24
1559,Italy,1842,29.690001000000002,2025-07-24
1560,Italy,1843,29.690001000000002,2025-07-24
1561,Italy,1844,29.690001000000002,2025-07-24
1562,Italy,1845,29.690001000000002,2025-07-24
1563,Italy,1846,29.690001000000002,2025-07-24
1564,Italy,1847,29.690001000000002,2025-07-24
1565,Italy,1848,29.690001000000002,2025-07-24
1566,Italy,1849,29.690001000000002,2025-07-24
1567,Italy,1850,29.690001000000002,2025-07-24
1568,Italy,1851,29.690001000000002,2025-07-24
1569,Italy,1852,29.690001000000002,2025-07-24
1570,Italy,1853,29.690001000000002,2025-07-24
1571,Italy,1854,29.690001000000002,2025-07-24
1572,Italy,1855,29.690001000000002,2025-07-24
1573,Italy,1856,29.690001000000002,2025-07-24
1574,Italy,1857,29.690001000000002,2025-07-24
1575,Italy,1858,29.690001000000002,2025-07-24
1576,Italy,1859,29.690001000000002,2025-07-24
1577,Italy,1860,29.690001000000002,2025-07-24
1578,Italy,1861,29.690001000000002,2025-07-24
1579,Italy,1862,29.690001000000002,2025-07-24
1580,Italy,1863,29.690001000000002,2025-07-24
1581,Italy,1864,29.690001000000002,2025-07-24
1582,Italy,1865,29.690001000000002,2025-07-24
1583,Italy,1866,29.690001000000002,2025-07-24
1584,Italy,1867,29.690001000000002,2025-07-24
1585,Italy,1868,29.690001000000002,2025-07-24
1586,Italy,1869,29.690001000000002,2025-07-24
1587,Italy,1870,29.690001000000002,2025-07-24
1588,Italy,1871,29.690001000000002,2025-07-24
1589,Italy,1872,29.690001000000002,2025-07-24
1590,Italy,1873,31.6,2025-07-24
1591,Italy,1874,31.75,2025-07-24
1592,Italy,1875,31.309998999999998,2025-07-24
1593,Italy,1876,33.599998,2025-07-24
1594,Italy,1877,34.880001,2025-07-24
1595,Italy,1878,34.32,2025-07-24
1596,Italy,1879,33.950001,2025-07-24
1597,Italy,1880,32.740002000000004,2025-07-24
1598,Italy,1881,34.200001,2025-07-24
1599,Italy,1882,34.290001000000004,2025-07-24
1600,Italy,1883,35.18,2025-07-24
1601,Italy,1884,36.599998,2025-07-24
1602,Italy,1885,36.830002,2025-07-24
1603,Italy,1886,35.099998,2025-07-24
1604,Italy,1887,35.970001,2025-07-24
1605,Italy,1888,36.919998,2025-07-24
1606,Italy,1889,39.049999,2025-07-24
1607,Italy,1890,38.5,2025-07-24
1608,Italy,1891,38.459998999999996,2025-07-24
1609,Italy,1892,38.84,2025-07-24
1610,Italy,1893,39.790001000000004,2025-07-24
1611,Italy,1894,39.91,2025-07-24
1612,Italy,1895,39.610001000000004,2025-07-24
1613,Italy,1896,40.700001,2025-07-24
1614,Italy,1897,43.290001000000004,2025-07-24
1615,Italy,1898,42.330002,2025-07-24
1616,Italy,1899,43.669998,2025-07-24
1617,Italy,1900,41.66,2025-07-24
1618,Italy,1901,43.52,2025-07-24
1619,Italy,1902,42.990002000000004,2025-07-24
1620,Italy,1903,43.150002,2025-07-24
1621,Italy,1904,44.43,2025-07-24
1622,Italy,1905,43.939999,2025-07-24
1623,Italy,1906,45.09,2025-07-24
1624,Italy,1907,45.450001,2025-07-24
1625,Italy,1908,43.189999,2025-07-24
1626,Italy,1909,44.669998,2025-07-24
1627,Italy,1910,46.75,2025-07-24
1628,Italy,1911,44.77,2025-07-24
1629,Italy,1912,48.98,2025-07-24
1630,Italy,1913,48.459998999999996,2025-07-24
1631,Italy,1914,49.889998999999996,2025-07-24
1632,Italy,1915,42.34,2025-07-24
1633,Italy,1916,39.27,2025-07-24
1634,Italy,1917,37.689999,2025-07-24
1635,Italy,1918,25.620001000000002,2025-07-24
1636,Italy,1919,42.099998,2025-07-24
1637,Italy,1920,45.509997999999996,2025-07-24
1638,Italy,1921,49.25,2025-07-24
1639,Italy,1922,50.009997999999996,2025-07-24
1640,Italy,1923,51.450001,2025-07-24
1641,Italy,1924,51.509997999999996,2025-07-24
1642,Italy,1925,51.310001,2025-07-24
1643,Italy,1926,50.959998999999996,2025-07-24
1644,Italy,1927,52.580002,2025-07-24
1645,Italy,1928,52.669998,2025-07-24
1646,Italy,1929,52.290001000000004,2025-07-24
1647,Italy,1930,55.200001,2025-07-24
1648,Italy,1931,54.779999,2025-07-24
1649,Italy,1932,54.77,2025-07-24
1650,Italy,1933,56.290001000000004,2025-07-24
1651,Italy,1934,56.860001000000004,2025-07-24
1652,Italy,1935,56.220001,2025-07-24
1653,Italy,1936,56.75,2025-07-24
1654,Italy,1937,55.490002000000004,2025-07-24
1655,Italy,1938,56.130001,2025-07-24
1656,Italy,1939,57.639998999999996,2025-07-24
1657,Italy,1940,56.950001,2025-07-24
1658,Italy,1941,54.619999,2025-07-24
1659,Italy,1942,52.450001,2025-07-24
1660,Italy,1943,49.189999,2025-07-24
1661,Italy,1944,52.34,2025-07-24
1662,Italy,1945,54.779999,2025-07-24
1663,Italy,1946,58.970001,2025-07-24
1664,Italy,1947,61.18,2025-07-24
1665,Italy,1948,63.450001,2025-07-24
1666,Italy,1949,64.110001,2025-07-24
1667,Italy,1950,65.769997,2025-07-24
1668,Italy,1951,65.309998,2025-07-24
1669,Italy,1952,65.940002,2025-07-24
1670,Italy,1953,66.58000200000001,2025-07-24
1671,Italy,1954,67.900002,2025-07-24
1672,Italy,1955,68.25,2025-07-24
1673,Italy,1956,67.639999,2025-07-24
1674,Italy,1957,67.809998,2025-07-24
1675,Italy,1958,68.870003,2025-07-24
1676,Italy,1959,69.32,2025-07-24
1677,Italy,1960,69.209999,2025-07-24
1678,Italy,1961,69.849998,2025-07-24
1679,Italy,1962,69.239998,2025-07-24
1680,Italy,1963,69.349998,2025-07-24
1681,Italy,1964,70.400002,2025-07-24
1682,Italy,1965,70.269997,2025-07-24
1683,Italy,1966,71.019997,2025-07-24
1684,Italy,1967,71.059998,2025-07-24
1685,Italy,1968,70.879997,2025-07-24
1686,Italy,1969,70.900002,2025-07-24
1687,Italy,1970,71.660004,2025-07-24
1688,Italy,1971,71.910004,2025-07-24
1689,Italy,1972,72.190002,2025-07-24
1690,Italy,1973,72.129997,2025-07-24
1691,Italy,1974,72.849998,2025-07-24
1692,Italy,1975,72.760002,2025-07-24
1693,Italy,1976,73.110001,2025-07-24
1694,Italy,1977,73.480003,2025-07-24
1695,Italy,1978,73.83000200000001,2025-07-24
1696,Italy,1979,74.160004,2025-07-24
1697,Italy,1980,74.120003,2025-07-24
1698,Italy,1981,74.510002,2025-07-24
1699,Italy,1982,74.980003,2025-07-24
1700,Italy,1983,74.800003,2025-07-24
1701,Italy,1984,75.559998,2025-07-24
1702,Italy,1985,75.66999799999999,2025-07-24
1703,Italy,1986,76.0,2025-07-24
1704,Italy,1987,76.41999799999999,2025-07-24
1705,Italy,1988,76.599998,2025-07-24
1706,Italy,1989,77.0,2025-07-24
1707,Italy,1990,77.019997,2025-07-24
1708,Italy,1991,77.190002,2025-07-24
1709,Italy,1992,77.410004,2025-07-24
1710,Italy,1993,77.620003,2025-07-24
1711,Italy,1994,77.849998,2025-07-24
1712,Italy,1995,78.120003,2025-07-24
1713,Italy,1996,78.33000200000001,2025-07-24
1714,Italy,1997,78.690002,2025-07-24
1715,Italy,1998,78.970001,2025-07-24
1716,Italy,1999,79.269997,2025-07-24
1717,Italy,2000,79.599998,2025-07-24
1718,Italy,2001,79.93,2025-07-24
1719,Italy,2002,80.16999799999999,2025-07-24
1720,Italy,2003,80.269997,2025-07-24
1721,Italy,2004,80.720001,2025-07-24
1722,Italy,2005,80.910004,2025-07-24
1723,Italy,2006,81.089996,2025-07-24
1724,Italy,2007,81.269997,2025-07-24
1725,Italy,2008,81.459999,2025-07-24
1726,Italy,2009,81.57,2025-07-24
1727,Italy,2010,81.779999,2025-07-24
1728,Italy,2011,81.91999799999999,2025-07-24
1729,Italy,2012,82.019997,2025-07-24
1730,Italy,2013,82.239998,2025-07-24
1731,Italy,2014,82.290001,2025-07-24
1732,Italy,2015,82.33000200000001,2025-07-24
1733,Italy,2016,82.339996,2025-07-24
1734,Japan,1800,36.400002,2025-07-24
1735,Japan,1801,36.400397999999996,2025-07-24
1736,Japan,1802,36.400795,2025-07-24
1737,Japan,1803,36.401192,2025-07-24
1738,Japan,1804,36.401588000000004,2025-07-24
1739,Japan,1805,36.401989,2025-07-24
1740,Japan,1806,36.402386,2025-07-24
1741,Japan,1807,36.402782,2025-07-24
1742,Japan,1808,36.403178999999994,2025-07-24
1743,Japan,1809,36.40358,2025-07-24
1744,Japan,1810,36.403976,2025-07-24
1745,Japan,1811,36.404373,2025-07-24
1746,Japan,1812,36.40477,2025-07-24
1747,Japan,1813,36.405167,2025-07-24
1748,Japan,1814,36.405567,2025-07-24
1749,Japan,1815,36.405964000000004,2025-07-24
1750,Japan,1816,36.406361,2025-07-24
1751,Japan,1817,36.406757,2025-07-24
1752,Japan,1818,36.407154,2025-07-24
1753,Japan,1819,36.407555,2025-07-24
1754,Japan,1820,36.407951000000004,2025-07-24
1755,Japan,1821,36.408348,2025-07-24
1756,Japan,1822,36.408745,2025-07-24
1757,Japan,1823,36.409141999999996,2025-07-24
1758,Japan,1824,36.409542,2025-07-24
1759,Japan,1825,36.409939,2025-07-24
1760,Japan,1826,36.410336,2025-07-24
1761,Japan,1827,36.410732,2025-07-24
1762,Japan,1828,36.411133,2025-07-24
1763,Japan,1829,36.41153,2025-07-24
1764,Japan,1830,36.411926,2025-07-24
1765,Japan,1831,36.412323,2025-07-24
1766,Japan,1832,36.41272,2025-07-24
1767,Japan,1833,36.41312,2025-07-24
1768,Japan,1834,36.413517,2025-07-24
1769,Japan,1835,36.413914,2025-07-24
1770,Japan,1836,36.41431,2025-07-24
1771,Japan,1837,36.414707,2025-07-24
1772,Japan,1838,36.415108000000004,2025-07-24
1773,Japan,1839,36.415504,2025-07-24
1774,Japan,1840,36.415901,2025-07-24
1775,Japan,1841,36.416298,2025-07-24
1776,Japan,1842,36.416698,2025-07-24
1777,Japan,1843,36.417095,2025-07-24
1778,Japan,1844,36.417491999999996,2025-07-24
1779,Japan,1845,36.417889,2025-07-24
1780,Japan,1846,36.418285,2025-07-24
1781,Japan,1847,36.418686,2025-07-24
1782,Japan,1848,36.419083,2025-07-24
1783,Japan,1849,36.419478999999995,2025-07-24
1784,Japan,1850,36.419876,2025-07-24
1785,Japan,1851,36.420273,2025-07-24
1786,Japan,1852,36.420673,2025-07-24
1787,Japan,1853,36.42107,2025-07-24
1788,Japan,1854,36.421467,2025-07-24
1789,Japan,1855,36.421864,2025-07-24
1790,Japan,1856,36.422259999999994,2025-07-24
1791,Japan,1857,36.422661,2025-07-24
1792,Japan,1858,36.423058000000005,2025-07-24
1793,Japan,1859,36.423454,2025-07-24
1794,Japan,1860,36.423851,2025-07-24
1795,Japan,1861,36.424252,2025-07-24
1796,Japan,1862,36.424648,2025-07-24
1797,Japan,1863,36.425045000000004,2025-07-24
1798,Japan,1864,36.425442,2025-07-24
1799,Japan,1865,36.425838,2025-07-24
1800,Japan,1866,36.459202000000005,2025-07-24
1801,Japan,1867,36.492561,2025-07-24
1802,Japan,1868,36.525921000000004,2025-07-24
1803,Japan,1869,36.55928,2025-07-24
1804,Japan,1870,36.59264,2025-07-24
1805,Japan,1871,36.633998999999996,2025-07-24
1806,Japan,1872,36.675362,2025-07-24
1807,Japan,1873,36.716721,2025-07-24
1808,Japan,1874,36.75808,2025-07-24
1809,Japan,1875,36.799438,2025-07-24
1810,Japan,1876,36.846848,2025-07-24
1811,Japan,1877,36.894257,2025-07-24
1812,Japan,1878,36.941666,2025-07-24
1813,Japan,1879,36.989071,2025-07-24
1814,Japan,1880,37.03648,2025-07-24
1815,Japan,1881,37.094864,2025-07-24
1816,Japan,1882,37.153248,2025-07-24
1817,Japan,1883,37.211632,2025-07-24
1818,Japan,1884,37.270016,2025-07-24
1819,Japan,1885,37.3284,2025-07-24
1820,Japan,1886,37.397858,2025-07-24
1821,Japan,1887,37.467312,2025-07-24
1822,Japan,1888,37.536770000000004,2025-07-24
1823,Japan,1889,37.606224,2025-07-24
1824,Japan,1890,37.675678000000005,2025-07-24
1825,Japan,1891,37.760113,2025-07-24
1826,Japan,1892,37.844543,2025-07-24
1827,Japan,1893,37.928974,2025-07-24
1828,Japan,1894,38.013409,2025-07-24
1829,Japan,1895,38.097839,2025-07-24
1830,Japan,1896,38.198273,2025-07-24
1831,Japan,1897,38.298702,2025-07-24
1832,Japan,1898,38.399136,2025-07-24
1833,Japan,1899,38.499569,2025-07-24
1834,Japan,1900,38.599998,2025-07-24
1835,Japan,1901,38.724384,2025-07-24
1836,Japan,1902,38.848766,2025-07-24
1837,Japan,1903,38.973152,2025-07-24
1838,Japan,1904,39.097534,2025-07-24
1839,Japan,1905,39.221920000000004,2025-07-24
1840,Japan,1906,39.372257,2025-07-24
1841,Japan,1907,39.522591,2025-07-24
1842,Japan,1908,39.672928000000006,2025-07-24
1843,Japan,1909,39.823265,2025-07-24
1844,Japan,1910,39.973597999999996,2025-07-24
1845,Japan,1911,40.158768,2025-07-24
1846,Japan,1912,40.343937,2025-07-24
1847,Japan,1913,40.529102,2025-07-24
1848,Japan,1914,40.714271999999994,2025-07-24
1849,Japan,1915,40.899440999999996,2025-07-24
1850,Japan,1916,41.128414,2025-07-24
1851,Japan,1917,41.357391,2025-07-24
1852,Japan,1918,32.69595,2025-07-24
1853,Japan,1919,41.815346000000005,2025-07-24
1854,Japan,1920,42.044319,2025-07-24
1855,Japan,1921,42.330318,2025-07-24
1856,Japan,1922,42.616322,2025-07-24
1857,Japan,1923,43.22493,2025-07-24
1858,Japan,1924,43.833534,2025-07-24
1859,Japan,1925,44.442142,2025-07-24
1860,Japan,1926,45.050751,2025-07-24
1861,Japan,1927,45.659359,2025-07-24
1862,Japan,1928,45.98225,2025-07-24
1863,Japan,1929,46.305141,2025-07-24
1864,Japan,1930,46.628029,2025-07-24
1865,Japan,1931,46.95092,2025-07-24
1866,Japan,1932,47.273811,2025-07-24
1867,Japan,1933,47.596699,2025-07-24
1868,Japan,1934,47.91959,2025-07-24
1869,Japan,1935,48.242481,2025-07-24
1870,Japan,1936,48.621239,2025-07-24
1871,Japan,1937,49.0,2025-07-24
1872,Japan,1938,49.0,2025-07-24
1873,Japan,1939,49.0,2025-07-24
1874,Japan,1940,49.0,2025-07-24
1875,Japan,1941,48.75,2025-07-24
1876,Japan,1942,48.5,2025-07-24
1877,Japan,1943,46.0,2025-07-24
1878,Japan,1944,40.0,2025-07-24
1879,Japan,1945,30.5368,2025-07-24
1880,Japan,1946,46.5,2025-07-24
1881,Japan,1947,51.75,2025-07-24
1882,Japan,1948,56.889998999999996,2025-07-24
1883,Japan,1949,57.759997999999996,2025-07-24
1884,Japan,1950,59.299999,2025-07-24
1885,Japan,1951,60.990002000000004,2025-07-24
1886,Japan,1952,63.029999,2025-07-24
1887,Japan,1953,63.369999,2025-07-24
1888,Japan,1954,64.610001,2025-07-24
1889,Japan,1955,65.769997,2025-07-24
1890,Japan,1956,65.629997,2025-07-24
1891,Japan,1957,65.5,2025-07-24
1892,Japan,1958,67.120003,2025-07-24
1893,Japan,1959,67.510002,2025-07-24
1894,Japan,1960,67.800003,2025-07-24
1895,Japan,1961,68.449997,2025-07-24
1896,Japan,1962,68.730003,2025-07-24
1897,Japan,1963,69.809998,2025-07-24
1898,Japan,1964,70.279999,2025-07-24
1899,Japan,1965,70.33000200000001,2025-07-24
1900,Japan,1966,71.139999,2025-07-24
1901,Japan,1967,71.43,2025-07-24
1902,Japan,1968,71.75,2025-07-24
1903,Japan,1969,71.980003,2025-07-24
1904,Japan,1970,72.07,2025-07-24
1905,Japan,1971,72.889999,2025-07-24
1906,Japan,1972,73.41999799999999,2025-07-24
1907,Japan,1973,73.480003,2025-07-24
1908,Japan,1974,73.910004,2025-07-24
1909,Japan,1975,74.410004,2025-07-24
1910,Japan,1976,74.809998,2025-07-24
1911,Japan,1977,75.379997,2025-07-24
1912,Japan,1978,75.699997,2025-07-24
1913,Japan,1979,76.209999,2025-07-24
1914,Japan,1980,76.190002,2025-07-24
1915,Japan,1981,76.599998,2025-07-24
1916,Japan,1982,77.110001,2025-07-24
1917,Japan,1983,77.139999,2025-07-24
1918,Japan,1984,77.540001,2025-07-24
1919,Japan,1985,77.839996,2025-07-24
1920,Japan,1986,78.260002,2025-07-24
1921,Japan,1987,78.66999799999999,2025-07-24
1922,Japan,1988,78.58000200000001,2025-07-24
1923,Japan,1989,79.010002,2025-07-24
1924,Japan,1990,78.940002,2025-07-24
1925,Japan,1991,79.139999,2025-07-24
1926,Japan,1992,79.290001,2025-07-24
1927,Japan,1993,79.459999,2025-07-24
1928,Japan,1994,79.699997,2025-07-24
1929,Japan,1995,79.75,2025-07-24
1930,Japan,1996,80.16999799999999,2025-07-24
1931,Japan,1997,80.389999,2025-07-24
1932,Japan,1998,80.550003,2025-07-24
1933,Japan,1999,80.720001,2025-07-24
1934,Japan,2000,81.029999,2025-07-24
1935,Japan,2001,81.309998,2025-07-24
1936,Japan,2002,81.559998,2025-07-24
1937,Japan,2003,81.75,2025-07-24
1938,Japan,2004,81.93,2025-07-24
1939,Japan,2005,82.050003,2025-07-24
1940,Japan,2006,82.239998,2025-07-24
1941,Japan,2007,82.410004,2025-07-24
1942,Japan,2008,82.57,2025-07-24
1943,Japan,2009,82.769997,2025-07-24
1944,Japan,2010,82.910004,2025-07-24
1945,Japan,2011,82.660004,2025-07-24
1946,Japan,2012,83.230003,2025-07-24
1947,Japan,2013,83.440002,2025-07-24
1948,Japan,2014,83.690002,2025-07-24
1949,Japan,2015,83.83000200000001,2025-07-24
1950,Japan,2016,83.940002,2025-07-24
1951,Mexico,1800,26.9,2025-07-24
1952,Mexico,1801,26.9,2025-07-24
1953,Mexico,1802,26.9,2025-07-24
1954,Mexico,1803,26.9,2025-07-24
1955,Mexico,1804,26.9,2025-07-24
1956,Mexico,1805,26.9,2025-07-24
1957,Mexico,1806,26.9,2025-07-24
1958,Mexico,1807,26.9,2025-07-24
1959,Mexico,1808,26.9,2025-07-24
1960,Mexico,1809,26.9,2025-07-24
1961,Mexico,1810,26.9,2025-07-24
1962,Mexico,1811,26.9,2025-07-24
1963,Mexico,1812,26.9,2025-07-24
1964,Mexico,1813,26.9,2025-07-24
1965,Mexico,1814,26.9,2025-07-24
1966,Mexico,1815,26.9,2025-07-24
1967,Mexico,1816,26.9,2025-07-24
1968,Mexico,1817,26.9,2025-07-24
1969,Mexico,1818,26.9,2025-07-24
1970,Mexico,1819,26.9,2025-07-24
1971,Mexico,1820,26.9,2025-07-24
1972,Mexico,1821,26.9,2025-07-24
1973,Mexico,1822,26.9,2025-07-24
1974,Mexico,1823,26.9,2025-07-24
1975,Mexico,1824,26.9,2025-07-24
1976,Mexico,1825,26.9,2025-07-24
1977,Mexico,1826,26.9,2025-07-24
1978,Mexico,1827,26.9,2025-07-24
1979,Mexico,1828,26.9,2025-07-24
1980,Mexico,1829,26.9,2025-07-24
1981,Mexico,1830,26.9,2025-07-24
1982,Mexico,1831,26.9,2025-07-24
1983,Mexico,1832,26.9,2025-07-24
1984,Mexico,1833,26.9,2025-07-24
1985,Mexico,1834,26.9,2025-07-24
1986,Mexico,1835,26.9,2025-07-24
1987,Mexico,1836,26.9,2025-07-24
1988,Mexico,1837,26.9,2025-07-24
1989,Mexico,1838,26.9,2025-07-24
1990,Mexico,1839,26.9,2025-07-24
1991,Mexico,1840,26.9,2025-07-24
1992,Mexico,1841,26.9,2025-07-24
1993,Mexico,1842,26.9,2025-07-24
1994,Mexico,1843,26.9,2025-07-24
1995,Mexico,1844,26.9,2025-07-24
1996,Mexico,1845,26.9,2025-07-24
1997,Mexico,1846,26.9,2025-07-24
1998,Mexico,1847,26.9,2025-07-24
1999,Mexico,1848,26.9,2025-07-24
2000,Mexico,1849,26.9,2025-07-24
2001,Mexico,1850,26.9,2025-07-24
2002,Mexico,1851,26.9,2025-07-24
2003,Mexico,1852,26.9,2025-07-24
2004,Mexico,1853,26.9,2025-07-24
2005,Mexico,1854,26.9,2025-07-24
2006,Mexico,1855,26.9,2025-07-24
2007,Mexico,1856,26.9,2025-07-24
2008,Mexico,1857,26.9,2025-07-24
2009,Mexico,1858,26.9,2025-07-24
2010,Mexico,1859,26.9,2025-07-24
2011,Mexico,1860,26.9,2025-07-24
2012,Mexico,1861,26.9,2025-07-24
2013,Mexico,1862,26.9,2025-07-24
2014,Mexico,1863,26.9,2025-07-24
2015,Mexico,1864,26.9,2025-07-24
2016,Mexico,1865,26.9,2025-07-24
2017,Mexico,1866,26.9,2025-07-24
2018,Mexico,1867,26.9,2025-07-24
2019,Mexico,1868,26.9,2025-07-24
2020,Mexico,1869,26.9,2025-07-24
2021,Mexico,1870,26.9,2025-07-24
2022,Mexico,1871,26.9,2025-07-24
2023,Mexico,1872,26.9,2025-07-24
2024,Mexico,1873,26.9,2025-07-24
2025,Mexico,1874,26.9,2025-07-24
2026,Mexico,1875,26.9,2025-07-24
2027,Mexico,1876,26.9,2025-07-24
2028,Mexico,1877,26.9,2025-07-24
2029,Mexico,1878,26.9,2025-07-24
2030,Mexico,1879,26.9,2025-07-24
2031,Mexico,1880,26.9,2025-07-24
2032,Mexico,1881,26.9,2025-07-24
2033,Mexico,1882,26.9,2025-07-24
2034,Mexico,1883,26.9,2025-07-24
2035,Mexico,1884,26.9,2025-07-24
2036,Mexico,1885,26.9,2025-07-24
2037,Mexico,1886,26.9,2025-07-24
2038,Mexico,1887,26.9,2025-07-24
2039,Mexico,1888,26.9,2025-07-24
2040,Mexico,1889,26.9,2025-07-24
2041,Mexico,1890,26.9,2025-07-24
2042,Mexico,1891,25.696667,2025-07-24
2043,Mexico,1892,24.493334,2025-07-24
2044,Mexico,1893,23.290001,2025-07-24
2045,Mexico,1894,26.620001000000002,2025-07-24
2046,Mexico,1895,29.52,2025-07-24
2047,Mexico,1896,28.799999,2025-07-24
2048,Mexico,1897,26.24,2025-07-24
2049,Mexico,1898,27.030001000000002,2025-07-24
2050,Mexico,1899,24.98,2025-07-24
2051,Mexico,1900,27.58,2025-07-24
2052,Mexico,1901,26.65,2025-07-24
2053,Mexico,1902,28.370001000000002,2025-07-24
2054,Mexico,1903,28.68,2025-07-24
2055,Mexico,1904,29.09,2025-07-24
2056,Mexico,1905,26.799999,2025-07-24
2057,Mexico,1906,27.879998999999998,2025-07-24
2058,Mexico,1907,27.969998999999998,2025-07-24
2059,Mexico,1908,28.719998999999998,2025-07-24
2060,Mexico,1909,29.209999,2025-07-24
2061,Mexico,1910,27.41,2025-07-24
2062,Mexico,1911,27.842501000000002,2025-07-24
2063,Mexico,1912,28.275,2025-07-24
2064,Mexico,1913,28.7075,2025-07-24
2065,Mexico,1914,29.139999,2025-07-24
2066,Mexico,1915,29.5725,2025-07-24
2067,Mexico,1916,30.004998999999998,2025-07-24
2068,Mexico,1917,30.4375,2025-07-24
2069,Mexico,1918,18.186424,2025-07-24
2070,Mexico,1919,31.3025,2025-07-24
2071,Mexico,1920,31.735001,2025-07-24
2072,Mexico,1921,32.1675,2025-07-24
2073,Mexico,1922,32.599998,2025-07-24
2074,Mexico,1923,33.5,2025-07-24
2075,Mexico,1924,32.799999,2025-07-24
2076,Mexico,1925,32.099998,2025-07-24
2077,Mexico,1926,34.200001,2025-07-24
2078,Mexico,1927,40.299999,2025-07-24
2079,Mexico,1928,34.5,2025-07-24
2080,Mexico,1929,35.400002,2025-07-24
2081,Mexico,1930,36.200001,2025-07-24
2082,Mexico,1931,37.700001,2025-07-24
2083,Mexico,1932,38.400002,2025-07-24
2084,Mexico,1933,37.299999,2025-07-24
2085,Mexico,1934,38.200001,2025-07-24
2086,Mexico,1935,40.400002,2025-07-24
2087,Mexico,1936,38.299999,2025-07-24
2088,Mexico,1937,36.799999,2025-07-24
2089,Mexico,1938,39.400002,2025-07-24
2090,Mexico,1939,45.5,2025-07-24
2091,Mexico,1940,39.200001,2025-07-24
2092,Mexico,1941,42.599998,2025-07-24
2093,Mexico,1942,39.799999,2025-07-24
2094,Mexico,1943,42.799999,2025-07-24
2095,Mexico,1944,43.200001,2025-07-24
2096,Mexico,1945,44.200001,2025-07-24
2097,Mexico,1946,44.799999,2025-07-24
2098,Mexico,1947,46.299999,2025-07-24
2099,Mexico,1948,48.299999,2025-07-24
2100,Mexico,1949,45.799999,2025-07-24
2101,Mexico,1950,48.556000000000004,2025-07-24
2102,Mexico,1951,49.115002000000004,2025-07-24
2103,Mexico,1952,50.209998999999996,2025-07-24
2104,Mexico,1953,51.254002,2025-07-24
2105,Mexico,1954,52.247002,2025-07-24
2106,Mexico,1955,53.189999,2025-07-24
2107,Mexico,1956,54.081001,2025-07-24
2108,Mexico,1957,54.918999,2025-07-24
2109,Mexico,1958,55.702,2025-07-24
2110,Mexico,1959,56.424,2025-07-24
2111,Mexico,1960,57.083,2025-07-24
2112,Mexico,1961,57.674,2025-07-24
2113,Mexico,1962,58.199001,2025-07-24
2114,Mexico,1963,58.661999,2025-07-24
2115,Mexico,1964,59.076,2025-07-24
2116,Mexico,1965,59.453998999999996,2025-07-24
2117,Mexico,1966,59.813999,2025-07-24
2118,Mexico,1967,60.172001,2025-07-24
2119,Mexico,1968,60.542999,2025-07-24
2120,Mexico,1969,60.938999,2025-07-24
2121,Mexico,1970,61.368999,2025-07-24
2122,Mexico,1971,61.835999,2025-07-24
2123,Mexico,1972,62.333,2025-07-24
2124,Mexico,1973,62.851002,2025-07-24
2125,Mexico,1974,63.383998999999996,2025-07-24
2126,Mexico,1975,63.928001,2025-07-24
2127,Mexico,1976,64.47399899999999,2025-07-24
2128,Mexico,1977,65.015999,2025-07-24
2129,Mexico,1978,65.547997,2025-07-24
2130,Mexico,1979,66.065002,2025-07-24
2131,Mexico,1980,66.563004,2025-07-24
2132,Mexico,1981,67.041,2025-07-24
2133,Mexico,1982,67.502998,2025-07-24
2134,Mexico,1983,67.95099599999999,2025-07-24
2135,Mexico,1984,68.387001,2025-07-24
2136,Mexico,1985,68.811996,2025-07-24
2137,Mexico,1986,69.227997,2025-07-24
2138,Mexico,1987,69.637001,2025-07-24
2139,Mexico,1988,70.040001,2025-07-24
2140,Mexico,1989,70.440002,2025-07-24
2141,Mexico,1990,71.510002,2025-07-24
2142,Mexico,1991,71.879997,2025-07-24
2143,Mexico,1992,72.089996,2025-07-24
2144,Mexico,1993,72.300003,2025-07-24
2145,Mexico,1994,72.620003,2025-07-24
2146,Mexico,1995,72.849998,2025-07-24
2147,Mexico,1996,73.220001,2025-07-24
2148,Mexico,1997,73.459999,2025-07-24
2149,Mexico,1998,73.709999,2025-07-24
2150,Mexico,1999,74.129997,2025-07-24
2151,Mexico,2000,74.610001,2025-07-24
2152,Mexico,2001,74.870003,2025-07-24
2153,Mexico,2002,74.889999,2025-07-24
2154,Mexico,2003,74.93,2025-07-24
2155,Mexico,2004,75.220001,2025-07-24
2156,Mexico,2005,75.209999,2025-07-24
2157,Mexico,2006,75.459999,2025-07-24
2158,Mexico,2007,75.660004,2025-07-24
2159,Mexico,2008,75.440002,2025-07-24
2160,Mexico,2009,75.349998,2025-07-24
2161,Mexico,2010,75.440002,2025-07-24
2162,Mexico,2011,75.720001,2025-07-24
2163,Mexico,2012,75.879997,2025-07-24
2164,Mexico,2013,75.790001,2025-07-24
2165,Mexico,2014,75.900002,2025-07-24
2166,Mexico,2015,76.190002,2025-07-24
2167,Mexico,2016,76.379997,2025-07-24
2168,Russia,1800,29.573458000000002,2025-07-24
2169,Russia,1801,29.573458000000002,2025-07-24
2170,Russia,1802,29.573458000000002,2025-07-24
2171,Russia,1803,29.573458000000002,2025-07-24
2172,Russia,1804,29.573458000000002,2025-07-24
2173,Russia,1805,29.573458000000002,2025-07-24
2174,Russia,1806,29.573458000000002,2025-07-24
2175,Russia,1807,29.573458000000002,2025-07-24
2176,Russia,1808,29.573458000000002,2025-07-24
2177,Russia,1809,29.573458000000002,2025-07-24
2178,Russia,1810,29.573458000000002,2025-07-24
2179,Russia,1811,29.573458000000002,2025-07-24
2180,Russia,1812,29.573458000000002,2025-07-24
2181,Russia,1813,29.573458000000002,2025-07-24
2182,Russia,1814,29.573458000000002,2025-07-24
2183,Russia,1815,29.573458000000002,2025-07-24
2184,Russia,1816,29.573458000000002,2025-07-24
2185,Russia,1817,29.573458000000002,2025-07-24
2186,Russia,1818,29.573458000000002,2025-07-24
2187,Russia,1819,29.573458000000002,2025-07-24
2188,Russia,1820,29.573458000000002,2025-07-24
2189,Russia,1821,29.573458000000002,2025-07-24
2190,Russia,1822,29.573458000000002,2025-07-24
2191,Russia,1823,29.573458000000002,2025-07-24
2192,Russia,1824,29.573458000000002,2025-07-24
2193,Russia,1825,29.573458000000002,2025-07-24
2194,Russia,1826,29.573458000000002,2025-07-24
2195,Russia,1827,29.573458000000002,2025-07-24
2196,Russia,1828,29.573458000000002,2025-07-24
2197,Russia,1829,29.573458000000002,2025-07-24
2198,Russia,1830,29.573458000000002,2025-07-24
2199,Russia,1831,29.573458000000002,2025-07-24
2200,Russia,1832,29.573458000000002,2025-07-24
2201,Russia,1833,29.573458000000002,2025-07-24
2202,Russia,1834,29.573458000000002,2025-07-24
2203,Russia,1835,29.573458000000002,2025-07-24
2204,Russia,1836,29.573458000000002,2025-07-24
2205,Russia,1837,29.573458000000002,2025-07-24
2206,Russia,1838,29.573458000000002,2025-07-24
2207,Russia,1839,29.573458000000002,2025-07-24
2208,Russia,1840,29.573458000000002,2025-07-24
2209,Russia,1841,29.573458000000002,2025-07-24
2210,Russia,1842,29.573458000000002,2025-07-24
2211,Russia,1843,29.573458000000002,2025-07-24
2212,Russia,1844,29.573458000000002,2025-07-24
2213,Russia,1845,29.573458000000002,2025-07-24
2214,Russia,1846,29.573458000000002,2025-07-24
2215,Russia,1847,29.573458000000002,2025-07-24
2216,Russia,1848,18.0,2025-07-24
2217,Russia,1849,29.573458000000002,2025-07-24
2218,Russia,1850,29.573458000000002,2025-07-24
2219,Russia,1851,29.573458000000002,2025-07-24
2220,Russia,1852,29.573458000000002,2025-07-24
2221,Russia,1853,29.5,2025-07-24
2222,Russia,1854,27.5,2025-07-24
2223,Russia,1855,27.5,2025-07-24
2224,Russia,1856,29.0,2025-07-24
2225,Russia,1857,29.573458000000002,2025-07-24
2226,Russia,1858,29.573458000000002,2025-07-24
2227,Russia,1859,29.573458000000002,2025-07-24
2228,Russia,1860,29.573458000000002,2025-07-24
2229,Russia,1861,29.573458000000002,2025-07-24
2230,Russia,1862,29.573458000000002,2025-07-24
2231,Russia,1863,29.573458000000002,2025-07-24
2232,Russia,1864,29.573458000000002,2025-07-24
2233,Russia,1865,29.573458000000002,2025-07-24
2234,Russia,1866,29.573458000000002,2025-07-24
2235,Russia,1867,29.573458000000002,2025-07-24
2236,Russia,1868,27.851233,2025-07-24
2237,Russia,1869,27.934912,2025-07-24
2238,Russia,1870,31.120827000000002,2025-07-24
2239,Russia,1871,28.103025,2025-07-24
2240,Russia,1872,25.916432999999998,2025-07-24
2241,Russia,1873,29.484869,2025-07-24
2242,Russia,1874,30.474103999999997,2025-07-24
2243,Russia,1875,31.120827000000002,2025-07-24
2244,Russia,1876,30.934659999999997,2025-07-24
2245,Russia,1877,31.308113,2025-07-24
2246,Russia,1878,27.767805,2025-07-24
2247,Russia,1879,30.841995,2025-07-24
2248,Russia,1880,30.201067,2025-07-24
2249,Russia,1881,32.164947999999995,2025-07-24
2250,Russia,1882,26.705706,2025-07-24
2251,Russia,1883,29.045896999999997,2025-07-24
2252,Russia,1884,32.749157000000004,2025-07-24
2253,Russia,1885,30.841995,2025-07-24
2254,Russia,1886,34.256531,2025-07-24
2255,Russia,1887,33.244099,2025-07-24
2256,Russia,1888,33.144515999999996,2025-07-24
2257,Russia,1889,31.027603000000003,2025-07-24
2258,Russia,1890,29.930477000000003,2025-07-24
2259,Russia,1891,26.387152,2025-07-24
2260,Russia,1892,21.261060999999998,2025-07-24
2261,Russia,1893,27.601696,2025-07-24
2262,Russia,1894,28.103025,2025-07-24
2263,Russia,1895,26.947142,2025-07-24
2264,Russia,1896,28.27215,2025-07-24
2265,Russia,1897,30.474103999999997,2025-07-24
2266,Russia,1898,27.934912,2025-07-24
2267,Russia,1899,31.591158,2025-07-24
2268,Russia,1900,30.749607,2025-07-24
2269,Russia,1901,29.045896999999997,2025-07-24
2270,Russia,1902,29.84082,2025-07-24
2271,Russia,1903,31.781273,2025-07-24
2272,Russia,1904,32.164947999999995,2025-07-24
2273,Russia,1905,30.474103999999997,2025-07-24
2274,Russia,1906,31.972534000000003,2025-07-24
2275,Russia,1907,33.645432,2025-07-24
2276,Russia,1908,33.645432,2025-07-24
2277,Russia,1909,32.358517,2025-07-24
2278,Russia,1910,31.402178000000003,2025-07-24
2279,Russia,1911,35.088634000000006,2025-07-24
2280,Russia,1912,35.512234,2025-07-24
2281,Russia,1913,33.343979,2025-07-24
2282,Russia,1914,33.0,2025-07-24
2283,Russia,1915,31.5,2025-07-24
2284,Russia,1916,31.5,2025-07-24
2285,Russia,1917,29.0,2025-07-24
2286,Russia,1918,23.0,2025-07-24
2287,Russia,1919,25.0,2025-07-24
2288,Russia,1920,20.5,2025-07-24
2289,Russia,1921,23.799999,2025-07-24
2290,Russia,1922,24.700001,2025-07-24
2291,Russia,1923,33.599998,2025-07-24
2292,Russia,1924,36.099998,2025-07-24
2293,Russia,1925,35.200001,2025-07-24
2294,Russia,1926,38.400002,2025-07-24
2295,Russia,1927,37.5,2025-07-24
2296,Russia,1928,38.900002,2025-07-24
2297,Russia,1929,37.400002,2025-07-24
2298,Russia,1930,36.5,2025-07-24
2299,Russia,1931,35.0,2025-07-24
2300,Russia,1932,32.799999,2025-07-24
2301,Russia,1933,17.35,2025-07-24
2302,Russia,1934,38.200001,2025-07-24
2303,Russia,1935,39.599998,2025-07-24
2304,Russia,1936,41.099998,2025-07-24
2305,Russia,1937,39.900002,2025-07-24
2306,Russia,1938,41.400002,2025-07-24
2307,Russia,1939,43.599998,2025-07-24
2308,Russia,1940,41.200001,2025-07-24
2309,Russia,1941,23.0,2025-07-24
2310,Russia,1942,18.0,2025-07-24
2311,Russia,1943,16.0,2025-07-24
2312,Russia,1944,27.0,2025-07-24
2313,Russia,1945,34.0,2025-07-24
2314,Russia,1946,46.099998,2025-07-24
2315,Russia,1947,40.400002,2025-07-24
2316,Russia,1948,52.200001,2025-07-24
2317,Russia,1949,55.0,2025-07-24
2318,Russia,1950,57.299999,2025-07-24
2319,Russia,1951,57.799999,2025-07-24
2320,Russia,1952,58.200001,2025-07-24
2321,Russia,1953,59.0,2025-07-24
2322,Russia,1954,61.0,2025-07-24
2323,Russia,1955,63.400002,2025-07-24
2324,Russia,1956,64.900002,2025-07-24
2325,Russia,1957,64.0,2025-07-24
2326,Russia,1958,66.900002,2025-07-24
2327,Russia,1959,67.650002,2025-07-24
2328,Russia,1960,68.66999799999999,2025-07-24
2329,Russia,1961,68.91999799999999,2025-07-24
2330,Russia,1962,68.58000200000001,2025-07-24
2331,Russia,1963,69.050003,2025-07-24
2332,Russia,1964,69.849998,2025-07-24
2333,Russia,1965,69.440002,2025-07-24
2334,Russia,1966,69.510002,2025-07-24
2335,Russia,1967,69.300003,2025-07-24
2336,Russia,1968,69.260002,2025-07-24
2337,Russia,1969,68.739998,2025-07-24
2338,Russia,1970,68.860001,2025-07-24
2339,Russia,1971,69.120003,2025-07-24
2340,Russia,1972,69.019997,2025-07-24
2341,Russia,1973,69.0,2025-07-24
2342,Russia,1974,68.989998,2025-07-24
2343,Russia,1975,68.349998,2025-07-24
2344,Russia,1976,68.099998,2025-07-24
2345,Russia,1977,67.970001,2025-07-24
2346,Russia,1978,68.010002,2025-07-24
2347,Russia,1979,67.730003,2025-07-24
2348,Russia,1980,67.699997,2025-07-24
2349,Russia,1981,67.91999799999999,2025-07-24
2350,Russia,1982,68.379997,2025-07-24
2351,Russia,1983,68.150002,2025-07-24
2352,Russia,1984,67.66999799999999,2025-07-24
2353,Russia,1985,68.33000200000001,2025-07-24
2354,Russia,1986,69.949997,2025-07-24
2355,Russia,1987,69.959999,2025-07-24
2356,Russia,1988,69.809998,2025-07-24
2357,Russia,1989,69.730003,2025-07-24
2358,Russia,1990,69.16999799999999,2025-07-24
2359,Russia,1991,68.959999,2025-07-24
2360,Russia,1992,67.75,2025-07-24
2361,Russia,1993,65.129997,2025-07-24
2362,Russia,1994,63.75,2025-07-24
2363,Russia,1995,64.339996,2025-07-24
2364,Russia,1996,65.629997,2025-07-24
2365,Russia,1997,66.800003,2025-07-24
2366,Russia,1998,67.089996,2025-07-24
2367,Russia,1999,65.870003,2025-07-24
2368,Russia,2000,65.279999,2025-07-24
2369,Russia,2001,65.279999,2025-07-24
2370,Russia,2002,65.129997,2025-07-24
2371,Russia,2003,65.18,2025-07-24
2372,Russia,2004,65.459999,2025-07-24
2373,Russia,2005,65.610001,2025-07-24
2374,Russia,2006,66.849998,2025-07-24
2375,Russia,2007,67.559998,2025-07-24
2376,Russia,2008,67.870003,2025-07-24
2377,Russia,2009,68.849998,2025-07-24
2378,Russia,2010,69.220001,2025-07-24
2379,Russia,2011,69.860001,2025-07-24
2380,Russia,2012,70.449997,2025-07-24
2381,Russia,2013,70.760002,2025-07-24
2382,Russia,2014,70.860001,2025-07-24
2383,Russia,2015,70.83000200000001,2025-07-24
2384,Russia,2016,70.870003,2025-07-24
2385,Spain,1800,29.5,2025-07-24
2386,Spain,1801,29.5,2025-07-24
2387,Spain,1802,29.5,2025-07-24
2388,Spain,1803,29.5,2025-07-24
2389,Spain,1804,29.5,2025-07-24
2390,Spain,1805,29.5,2025-07-24
2391,Spain,1806,29.5,2025-07-24
2392,Spain,1807,29.5,2025-07-24
2393,Spain,1808,29.5,2025-07-24
2394,Spain,1809,29.5,2025-07-24
2395,Spain,1810,29.5,2025-07-24
2396,Spain,1811,29.5,2025-07-24
2397,Spain,1812,29.5,2025-07-24
2398,Spain,1813,29.5,2025-07-24
2399,Spain,1814,29.5,2025-07-24
2400,Spain,1815,29.5,2025-07-24
2401,Spain,1816,29.5,2025-07-24
2402,Spain,1817,29.5,2025-07-24
2403,Spain,1818,29.5,2025-07-24
2404,Spain,1819,29.5,2025-07-24
2405,Spain,1820,29.5,2025-07-24
2406,Spain,1821,29.5,2025-07-24
2407,Spain,1822,29.5,2025-07-24
2408,Spain,1823,29.5,2025-07-24
2409,Spain,1824,29.5,2025-07-24
2410,Spain,1825,29.5,2025-07-24
2411,Spain,1826,29.5,2025-07-24
2412,Spain,1827,29.5,2025-07-24
2413,Spain,1828,29.5,2025-07-24
2414,Spain,1829,29.5,2025-07-24
2415,Spain,1830,29.5,2025-07-24
2416,Spain,1831,29.5,2025-07-24
2417,Spain,1832,29.5,2025-07-24
2418,Spain,1833,29.5,2025-07-24
2419,Spain,1834,29.5,2025-07-24
2420,Spain,1835,29.5,2025-07-24
2421,Spain,1836,29.5,2025-07-24
2422,Spain,1837,29.5,2025-07-24
2423,Spain,1838,29.5,2025-07-24
2424,Spain,1839,29.5,2025-07-24
2425,Spain,1840,29.5,2025-07-24
2426,Spain,1841,29.5,2025-07-24
2427,Spain,1842,29.5,2025-07-24
2428,Spain,1843,29.5,2025-07-24
2429,Spain,1844,29.5,2025-07-24
2430,Spain,1845,29.5,2025-07-24
2431,Spain,1846,29.5,2025-07-24
2432,Spain,1847,29.5,2025-07-24
2433,Spain,1848,29.5,2025-07-24
2434,Spain,1849,29.5,2025-07-24
2435,Spain,1850,29.5,2025-07-24
2436,Spain,1851,29.5,2025-07-24
2437,Spain,1852,29.5,2025-07-24
2438,Spain,1853,29.5,2025-07-24
2439,Spain,1854,29.5,2025-07-24
2440,Spain,1855,29.5,2025-07-24
2441,Spain,1856,29.5,2025-07-24
2442,Spain,1857,29.5,2025-07-24
2443,Spain,1858,29.5,2025-07-24
2444,Spain,1859,29.5,2025-07-24
2445,Spain,1860,29.5,2025-07-24
2446,Spain,1861,29.5,2025-07-24
2447,Spain,1862,29.5,2025-07-24
2448,Spain,1863,29.5,2025-07-24
2449,Spain,1864,29.5,2025-07-24
2450,Spain,1865,29.5,2025-07-24
2451,Spain,1866,29.5,2025-07-24
2452,Spain,1867,29.5,2025-07-24
2453,Spain,1868,29.5,2025-07-24
2454,Spain,1869,29.5,2025-07-24
2455,Spain,1870,29.5,2025-07-24
2456,Spain,1871,29.5,2025-07-24
2457,Spain,1872,29.5,2025-07-24
2458,Spain,1873,29.5,2025-07-24
2459,Spain,1874,29.5,2025-07-24
2460,Spain,1875,29.5,2025-07-24
2461,Spain,1876,29.5,2025-07-24
2462,Spain,1877,29.5,2025-07-24
2463,Spain,1878,29.5,2025-07-24
2464,Spain,1879,29.5,2025-07-24
2465,Spain,1880,29.5,2025-07-24
2466,Spain,1881,29.5,2025-07-24
2467,Spain,1882,29.5,2025-07-24
2468,Spain,1883,29.76,2025-07-24
2469,Spain,1884,30.02,2025-07-24
2470,Spain,1885,30.280001000000002,2025-07-24
2471,Spain,1886,30.540001,2025-07-24
2472,Spain,1887,30.799999,2025-07-24
2473,Spain,1888,31.059998999999998,2025-07-24
2474,Spain,1889,31.32,2025-07-24
2475,Spain,1890,31.58,2025-07-24
2476,Spain,1891,31.84,2025-07-24
2477,Spain,1892,32.099998,2025-07-24
2478,Spain,1893,32.4375,2025-07-24
2479,Spain,1894,32.775002,2025-07-24
2480,Spain,1895,33.112499,2025-07-24
2481,Spain,1896,33.450001,2025-07-24
2482,Spain,1897,33.787498,2025-07-24
2483,Spain,1898,34.125,2025-07-24
2484,Spain,1899,34.462502,2025-07-24
2485,Spain,1900,34.799999,2025-07-24
2486,Spain,1901,35.631248,2025-07-24
2487,Spain,1902,36.462502,2025-07-24
2488,Spain,1903,37.293751,2025-07-24
2489,Spain,1904,38.125,2025-07-24
2490,Spain,1905,38.956249,2025-07-24
2491,Spain,1906,39.787498,2025-07-24
2492,Spain,1907,40.618752,2025-07-24
2493,Spain,1908,41.450001,2025-07-24
2494,Spain,1909,41.060001,2025-07-24
2495,Spain,1910,40.919998,2025-07-24
2496,Spain,1911,39.799999,2025-07-24
2497,Spain,1912,43.529999,2025-07-24
2498,Spain,1913,42.560001,2025-07-24
2499,Spain,1914,42.84,2025-07-24
2500,Spain,1915,43.049999,2025-07-24
2501,Spain,1916,43.98,2025-07-24
2502,Spain,1917,42.630001,2025-07-24
2503,Spain,1918,30.290001,2025-07-24
2504,Spain,1919,41.119999,2025-07-24
2505,Spain,1920,39.310001,2025-07-24
2506,Spain,1921,42.029999,2025-07-24
2507,Spain,1922,44.209998999999996,2025-07-24
2508,Spain,1923,44.75,2025-07-24
2509,Spain,1924,46.299999,2025-07-24
2510,Spain,1925,46.950001,2025-07-24
2511,Spain,1926,47.759997999999996,2025-07-24
2512,Spain,1927,48.490002000000004,2025-07-24
2513,Spain,1928,48.669998,2025-07-24
2514,Spain,1929,49.490002000000004,2025-07-24
2515,Spain,1930,49.34,2025-07-24
2516,Spain,1931,49.25,2025-07-24
2517,Spain,1932,51.200001,2025-07-24
2518,Spain,1933,51.599998,2025-07-24
2519,Spain,1934,52.240002000000004,2025-07-24
2520,Spain,1935,52.720001,2025-07-24
2521,Spain,1936,50.900002,2025-07-24
2522,Spain,1937,47.220001,2025-07-24
2523,Spain,1938,47.529999,2025-07-24
2524,Spain,1939,47.09,2025-07-24
2525,Spain,1940,48.389998999999996,2025-07-24
2526,Spain,1941,47.16,2025-07-24
2527,Spain,1942,52.48,2025-07-24
2528,Spain,1943,54.849998,2025-07-24
2529,Spain,1944,56.25,2025-07-24
2530,Spain,1945,57.84,2025-07-24
2531,Spain,1946,57.57,2025-07-24
2532,Spain,1947,59.330002,2025-07-24
2533,Spain,1948,61.27,2025-07-24
2534,Spain,1949,61.02,2025-07-24
2535,Spain,1950,61.869999,2025-07-24
2536,Spain,1951,61.52,2025-07-24
2537,Spain,1952,64.940002,2025-07-24
2538,Spain,1953,65.809998,2025-07-24
2539,Spain,1954,67.010002,2025-07-24
2540,Spain,1955,66.779999,2025-07-24
2541,Spain,1956,66.82,2025-07-24
2542,Spain,1957,66.660004,2025-07-24
2543,Spain,1958,68.849998,2025-07-24
2544,Spain,1959,68.769997,2025-07-24
2545,Spain,1960,69.269997,2025-07-24
2546,Spain,1961,69.660004,2025-07-24
2547,Spain,1962,69.690002,2025-07-24
2548,Spain,1963,69.849998,2025-07-24
2549,Spain,1964,70.58000200000001,2025-07-24
2550,Spain,1965,70.989998,2025-07-24
2551,Spain,1966,71.25,2025-07-24
2552,Spain,1967,71.440002,2025-07-24
2553,Spain,1968,71.730003,2025-07-24
2554,Spain,1969,71.260002,2025-07-24
2555,Spain,1970,72.239998,2025-07-24
2556,Spain,1971,71.849998,2025-07-24
2557,Spain,1972,73.059998,2025-07-24
2558,Spain,1973,72.839996,2025-07-24
2559,Spain,1974,73.220001,2025-07-24
2560,Spain,1975,73.550003,2025-07-24
2561,Spain,1976,73.870003,2025-07-24
2562,Spain,1977,74.389999,2025-07-24
2563,Spain,1978,74.58000200000001,2025-07-24
2564,Spain,1979,75.120003,2025-07-24
2565,Spain,1980,75.599998,2025-07-24
2566,Spain,1981,75.739998,2025-07-24
2567,Spain,1982,76.300003,2025-07-24
2568,Spain,1983,76.08000200000001,2025-07-24
2569,Spain,1984,76.459999,2025-07-24
2570,Spain,1985,76.41999799999999,2025-07-24
2571,Spain,1986,76.66999799999999,2025-07-24
2572,Spain,1987,76.900002,2025-07-24
2573,Spain,1988,76.910004,2025-07-24
2574,Spain,1989,76.980003,2025-07-24
2575,Spain,1990,77.120003,2025-07-24
2576,Spain,1991,77.300003,2025-07-24
2577,Spain,1992,77.519997,2025-07-24
2578,Spain,1993,77.68,2025-07-24
2579,Spain,1994,77.940002,2025-07-24
2580,Spain,1995,78.150002,2025-07-24
2581,Spain,1996,78.360001,2025-07-24
2582,Spain,1997,78.699997,2025-07-24
2583,Spain,1998,78.91999799999999,2025-07-24
2584,Spain,1999,79.110001,2025-07-24
2585,Spain,2000,79.400002,2025-07-24
2586,Spain,2001,79.66999799999999,2025-07-24
2587,Spain,2002,79.83000200000001,2025-07-24
2588,Spain,2003,79.980003,2025-07-24
2589,Spain,2004,80.25,2025-07-24
2590,Spain,2005,80.480003,2025-07-24
2591,Spain,2006,80.83000200000001,2025-07-24
2592,Spain,2007,81.07,2025-07-24
2593,Spain,2008,81.360001,2025-07-24
2594,Spain,2009,81.68,2025-07-24
2595,Spain,2010,81.970001,2025-07-24
2596,Spain,2011,82.18,2025-07-24
2597,Spain,2012,82.32,2025-07-24
2598,Spain,2013,82.629997,2025-07-24
2599,Spain,2014,82.839996,2025-07-24
2600,Spain,2015,82.910004,2025-07-24
2601,Spain,2016,82.970001,2025-07-24
2602,Switzerland,1800,38.0,2025-07-24
2603,Switzerland,1801,38.0,2025-07-24
2604,Switzerland,1802,38.0,2025-07-24
2605,Switzerland,1803,38.0,2025-07-24
2606,Switzerland,1804,38.0,2025-07-24
2607,Switzerland,1805,38.0,2025-07-24
2608,Switzerland,1806,38.0,2025-07-24
2609,Switzerland,1807,38.0,2025-07-24
2610,Switzerland,1808,38.0,2025-07-24
2611,Switzerland,1809,38.0,2025-07-24
2612,Switzerland,1810,38.0,2025-07-24
2613,Switzerland,1811,38.0,2025-07-24
2614,Switzerland,1812,38.0,2025-07-24
2615,Switzerland,1813,38.0,2025-07-24
2616,Switzerland,1814,38.0,2025-07-24
2617,Switzerland,1815,38.0,2025-07-24
2618,Switzerland,1816,38.0,2025-07-24
2619,Switzerland,1817,38.0,2025-07-24
2620,Switzerland,1818,38.0,2025-07-24
2621,Switzerland,1819,38.0,2025-07-24
2622,Switzerland,1820,38.0,2025-07-24
2623,Switzerland,1821,38.0,2025-07-24
2624,Switzerland,1822,38.0,2025-07-24
2625,Switzerland,1823,38.0,2025-07-24
2626,Switzerland,1824,38.0,2025-07-24
2627,Switzerland,1825,38.0,2025-07-24
2628,Switzerland,1826,38.0,2025-07-24
2629,Switzerland,1827,38.0,2025-07-24
2630,Switzerland,1828,38.0,2025-07-24
2631,Switzerland,1829,38.0,2025-07-24
2632,Switzerland,1830,38.0,2025-07-24
2633,Switzerland,1831,38.0,2025-07-24
2634,Switzerland,1832,38.0,2025-07-24
2635,Switzerland,1833,38.0,2025-07-24
2636,Switzerland,1834,38.0,2025-07-24
2637,Switzerland,1835,38.0,2025-07-24
2638,Switzerland,1836,38.0,2025-07-24
2639,Switzerland,1837,38.0,2025-07-24
2640,Switzerland,1838,38.0,2025-07-24
2641,Switzerland,1839,38.0,2025-07-24
2642,Switzerland,1840,38.0,2025-07-24
2643,Switzerland,1841,38.0,2025-07-24
2644,Switzerland,1842,38.0,2025-07-24
2645,Switzerland,1843,38.0,2025-07-24
2646,Switzerland,1844,38.0,2025-07-24
2647,Switzerland,1845,38.0,2025-07-24
2648,Switzerland,1846,38.0,2025-07-24
2649,Switzerland,1847,38.0,2025-07-24
2650,Switzerland,1848,38.0,2025-07-24
2651,Switzerland,1849,38.0,2025-07-24
2652,Switzerland,1850,38.0,2025-07-24
2653,Switzerland,1851,38.0,2025-07-24
2654,Switzerland,1852,38.0,2025-07-24
2655,Switzerland,1853,38.0,2025-07-24
2656,Switzerland,1854,38.0,2025-07-24
2657,Switzerland,1855,38.0,2025-07-24
2658,Switzerland,1856,38.0,2025-07-24
2659,Switzerland,1857,38.0,2025-07-24
2660,Switzerland,1858,38.0,2025-07-24
2661,Switzerland,1859,38.0,2025-07-24
2662,Switzerland,1860,38.0,2025-07-24
2663,Switzerland,1861,38.0,2025-07-24
2664,Switzerland,1862,38.0,2025-07-24
2665,Switzerland,1863,38.0,2025-07-24
2666,Switzerland,1864,38.0,2025-07-24
2667,Switzerland,1865,38.0,2025-07-24
2668,Switzerland,1866,38.0,2025-07-24
2669,Switzerland,1867,38.0,2025-07-24
2670,Switzerland,1868,38.0,2025-07-24
2671,Switzerland,1869,38.0,2025-07-24
2672,Switzerland,1870,38.0,2025-07-24
2673,Switzerland,1871,38.0,2025-07-24
2674,Switzerland,1872,38.0,2025-07-24
2675,Switzerland,1873,38.0,2025-07-24
2676,Switzerland,1874,38.0,2025-07-24
2677,Switzerland,1875,38.0,2025-07-24
2678,Switzerland,1876,40.099998,2025-07-24
2679,Switzerland,1877,40.009997999999996,2025-07-24
2680,Switzerland,1878,40.470001,2025-07-24
2681,Switzerland,1879,41.810001,2025-07-24
2682,Switzerland,1880,42.41,2025-07-24
2683,Switzerland,1881,41.869999,2025-07-24
2684,Switzerland,1882,42.98,2025-07-24
2685,Switzerland,1883,44.939999,2025-07-24
2686,Switzerland,1884,45.0,2025-07-24
2687,Switzerland,1885,43.830002,2025-07-24
2688,Switzerland,1886,44.68,2025-07-24
2689,Switzerland,1887,45.439999,2025-07-24
2690,Switzerland,1888,45.970001,2025-07-24
2691,Switzerland,1889,45.139998999999996,2025-07-24
2692,Switzerland,1890,44.950001,2025-07-24
2693,Switzerland,1891,44.709998999999996,2025-07-24
2694,Switzerland,1892,47.23,2025-07-24
2695,Switzerland,1893,46.07,2025-07-24
2696,Switzerland,1894,45.790001000000004,2025-07-24
2697,Switzerland,1895,46.84,2025-07-24
2698,Switzerland,1896,48.880001,2025-07-24
2699,Switzerland,1897,49.099998,2025-07-24
2700,Switzerland,1898,48.200001,2025-07-24
2701,Switzerland,1899,49.290001000000004,2025-07-24
2702,Switzerland,1900,47.48,2025-07-24
2703,Switzerland,1901,48.939999,2025-07-24
2704,Switzerland,1902,50.41,2025-07-24
2705,Switzerland,1903,50.029999,2025-07-24
2706,Switzerland,1904,49.16,2025-07-24
2707,Switzerland,1905,49.669998,2025-07-24
2708,Switzerland,1906,50.720001,2025-07-24
2709,Switzerland,1907,51.189999,2025-07-24
2710,Switzerland,1908,52.259997999999996,2025-07-24
2711,Switzerland,1909,51.610001000000004,2025-07-24
2712,Switzerland,1910,52.91,2025-07-24
2713,Switzerland,1911,51.720001,2025-07-24
2714,Switzerland,1912,54.419998,2025-07-24
2715,Switzerland,1913,54.209998999999996,2025-07-24
2716,Switzerland,1914,55.130001,2025-07-24
2717,Switzerland,1915,55.950001,2025-07-24
2718,Switzerland,1916,56.59,2025-07-24
2719,Switzerland,1917,55.810001,2025-07-24
2720,Switzerland,1918,46.299999,2025-07-24
2721,Switzerland,1919,54.970001,2025-07-24
2722,Switzerland,1920,54.380001,2025-07-24
2723,Switzerland,1921,57.869999,2025-07-24
2724,Switzerland,1922,58.5,2025-07-24
2725,Switzerland,1923,60.040001000000004,2025-07-24
2726,Switzerland,1924,59.490002000000004,2025-07-24
2727,Switzerland,1925,59.950001,2025-07-24
2728,Switzerland,1926,60.639998999999996,2025-07-24
2729,Switzerland,1927,60.099998,2025-07-24
2730,Switzerland,1928,60.470001,2025-07-24
2731,Switzerland,1929,60.169998,2025-07-24
2732,Switzerland,1930,61.43,2025-07-24
2733,Switzerland,1931,61.240002000000004,2025-07-24
2734,Switzerland,1932,61.23,2025-07-24
2735,Switzerland,1933,62.41,2025-07-24
2736,Switzerland,1934,62.889998999999996,2025-07-24
2737,Switzerland,1935,62.130001,2025-07-24
2738,Switzerland,1936,63.18,2025-07-24
2739,Switzerland,1937,63.509997999999996,2025-07-24
2740,Switzerland,1938,63.849998,2025-07-24
2741,Switzerland,1939,64.010002,2025-07-24
2742,Switzerland,1940,63.580002,2025-07-24
2743,Switzerland,1941,64.980003,2025-07-24
2744,Switzerland,1942,65.650002,2025-07-24
2745,Switzerland,1943,65.839996,2025-07-24
2746,Switzerland,1944,64.879997,2025-07-24
2747,Switzerland,1945,65.41999799999999,2025-07-24
2748,Switzerland,1946,66.07,2025-07-24
2749,Switzerland,1947,66.260002,2025-07-24
2750,Switzerland,1948,67.339996,2025-07-24
2751,Switzerland,1949,67.970001,2025-07-24
2752,Switzerland,1950,68.940002,2025-07-24
2753,Switzerland,1951,68.709999,2025-07-24
2754,Switzerland,1952,69.620003,2025-07-24
2755,Switzerland,1953,69.529999,2025-07-24
2756,Switzerland,1954,70.0,2025-07-24
2757,Switzerland,1955,70.08000200000001,2025-07-24
2758,Switzerland,1956,70.209999,2025-07-24
2759,Switzerland,1957,70.559998,2025-07-24
2760,Switzerland,1958,71.300003,2025-07-24
2761,Switzerland,1959,71.459999,2025-07-24
2762,Switzerland,1960,71.440002,2025-07-24
2763,Switzerland,1961,71.760002,2025-07-24
2764,Switzerland,1962,71.32,2025-07-24
2765,Switzerland,1963,71.309998,2025-07-24
2766,Switzerland,1964,72.199997,2025-07-24
2767,Switzerland,1965,72.33000200000001,2025-07-24
2768,Switzerland,1966,72.470001,2025-07-24
2769,Switzerland,1967,72.769997,2025-07-24
2770,Switzerland,1968,72.720001,2025-07-24
2771,Switzerland,1969,72.730003,2025-07-24
2772,Switzerland,1970,73.139999,2025-07-24
2773,Switzerland,1971,73.260002,2025-07-24
2774,Switzerland,1972,73.779999,2025-07-24
2775,Switzerland,1973,74.08000200000001,2025-07-24
2776,Switzerland,1974,74.43,2025-07-24
2777,Switzerland,1975,74.82,2025-07-24
2778,Switzerland,1976,74.940002,2025-07-24
2779,Switzerland,1977,75.389999,2025-07-24
2780,Switzerland,1978,75.339996,2025-07-24
2781,Switzerland,1979,75.639999,2025-07-24
2782,Switzerland,1980,75.639999,2025-07-24
2783,Switzerland,1981,75.870003,2025-07-24
2784,Switzerland,1982,76.209999,2025-07-24
2785,Switzerland,1983,76.220001,2025-07-24
2786,Switzerland,1984,76.82,2025-07-24
2787,Switzerland,1985,76.940002,2025-07-24
2788,Switzerland,1986,77.110001,2025-07-24
2789,Switzerland,1987,77.410004,2025-07-24
2790,Switzerland,1988,77.43,2025-07-24
2791,Switzerland,1989,77.620003,2025-07-24
2792,Switzerland,1990,77.489998,2025-07-24
2793,Switzerland,1991,77.639999,2025-07-24
2794,Switzerland,1992,77.93,2025-07-24
2795,Switzerland,1993,78.220001,2025-07-24
2796,Switzerland,1994,78.449997,2025-07-24
2797,Switzerland,1995,78.529999,2025-07-24
2798,Switzerland,1996,78.980003,2025-07-24
2799,Switzerland,1997,79.25,2025-07-24
2800,Switzerland,1998,79.510002,2025-07-24
2801,Switzerland,1999,79.779999,2025-07-24
2802,Switzerland,2000,79.970001,2025-07-24
2803,Switzerland,2001,80.209999,2025-07-24
2804,Switzerland,2002,80.400002,2025-07-24
2805,Switzerland,2003,80.620003,2025-07-24
2806,Switzerland,2004,81.029999,2025-07-24
2807,Switzerland,2005,81.279999,2025-07-24
2808,Switzerland,2006,81.480003,2025-07-24
2809,Switzerland,2007,81.690002,2025-07-24
2810,Switzerland,2008,81.91999799999999,2025-07-24
2811,Switzerland,2009,82.059998,2025-07-24
2812,Switzerland,2010,82.300003,2025-07-24
2813,Switzerland,2011,82.540001,2025-07-24
2814,Switzerland,2012,82.660004,2025-07-24
2815,Switzerland,2013,82.800003,2025-07-24
2816,Switzerland,2014,83.089996,2025-07-24
2817,Switzerland,2015,83.160004,2025-07-24
2818,Switzerland,2016,83.18,2025-07-24
2819,United Kingdom,1800,38.649761,2025-07-24
2820,United Kingdom,1801,37.350821999999994,2025-07-24
2821,United Kingdom,1802,38.615601,2025-07-24
2822,United Kingdom,1803,37.316845,2025-07-24
2823,United Kingdom,1804,41.436916,2025-07-24
2824,United Kingdom,1805,42.317261,2025-07-24
2825,United Kingdom,1806,43.216114000000005,2025-07-24
2826,United Kingdom,1807,40.04594,2025-07-24
2827,United Kingdom,1808,40.347794,2025-07-24
2828,United Kingdom,1809,41.742203,2025-07-24
2829,United Kingdom,1810,38.347382,2025-07-24
2830,United Kingdom,1811,39.887271999999996,2025-07-24
2831,United Kingdom,1812,41.826324,2025-07-24
2832,United Kingdom,1813,43.038368,2025-07-24
2833,United Kingdom,1814,40.241531,2025-07-24
2834,United Kingdom,1815,41.131778999999995,2025-07-24
2835,United Kingdom,1816,39.938316,2025-07-24
2836,United Kingdom,1817,41.040718,2025-07-24
2837,United Kingdom,1818,39.847767,2025-07-24
2838,United Kingdom,1819,40.519259999999996,2025-07-24
2839,United Kingdom,1820,41.312477,2025-07-24
2840,United Kingdom,1821,41.780403,2025-07-24
2841,United Kingdom,1822,41.349724,2025-07-24
2842,United Kingdom,1823,40.048023,2025-07-24
2843,United Kingdom,1824,39.192757,2025-07-24
2844,United Kingdom,1825,39.939877,2025-07-24
2845,United Kingdom,1826,39.830349,2025-07-24
2846,United Kingdom,1827,41.138859000000004,2025-07-24
2847,United Kingdom,1828,42.032665,2025-07-24
2848,United Kingdom,1829,41.558071000000005,2025-07-24
2849,United Kingdom,1830,43.018311,2025-07-24
2850,United Kingdom,1831,40.843559,2025-07-24
2851,United Kingdom,1832,40.163628,2025-07-24
2852,United Kingdom,1833,41.349632,2025-07-24
2853,United Kingdom,1834,40.783878,2025-07-24
2854,United Kingdom,1835,41.104195000000004,2025-07-24
2855,United Kingdom,1836,41.427021,2025-07-24
2856,United Kingdom,1837,40.203598,2025-07-24
2857,United Kingdom,1838,40.301132,2025-07-24
2858,United Kingdom,1839,40.879307,2025-07-24
2859,United Kingdom,1840,39.927151,2025-07-24
2860,United Kingdom,1841,41.700001,2025-07-24
2861,United Kingdom,1842,41.349998,2025-07-24
2862,United Kingdom,1843,41.860001000000004,2025-07-24
2863,United Kingdom,1844,41.549999,2025-07-24
2864,United Kingdom,1845,42.560001,2025-07-24
2865,United Kingdom,1846,39.959998999999996,2025-07-24
2866,United Kingdom,1847,38.330002,2025-07-24
2867,United Kingdom,1848,39.5,2025-07-24
2868,United Kingdom,1849,37.380001,2025-07-24
2869,United Kingdom,1850,42.799999,2025-07-24
2870,United Kingdom,1851,41.419998,2025-07-24
2871,United Kingdom,1852,40.93,2025-07-24
2872,United Kingdom,1853,40.560001,2025-07-24
2873,United Kingdom,1854,39.34,2025-07-24
2874,United Kingdom,1855,41.029999,2025-07-24
2875,United Kingdom,1856,43.25,2025-07-24
2876,United Kingdom,1857,41.880001,2025-07-24
2877,United Kingdom,1858,40.040001000000004,2025-07-24
2878,United Kingdom,1859,40.84,2025-07-24
2879,United Kingdom,1860,43.009997999999996,2025-07-24
2880,United Kingdom,1861,42.380001,2025-07-24
2881,United Kingdom,1862,42.52,2025-07-24
2882,United Kingdom,1863,40.400002,2025-07-24
2883,United Kingdom,1864,39.970001,2025-07-24
2884,United Kingdom,1865,40.650002,2025-07-24
2885,United Kingdom,1866,40.41,2025-07-24
2886,United Kingdom,1867,42.619999,2025-07-24
2887,United Kingdom,1868,42.0,2025-07-24
2888,United Kingdom,1869,41.669998,2025-07-24
2889,United Kingdom,1870,40.950001,2025-07-24
2890,United Kingdom,1871,41.310001,2025-07-24
2891,United Kingdom,1872,42.900002,2025-07-24
2892,United Kingdom,1873,43.779999,2025-07-24
2893,United Kingdom,1874,42.130001,2025-07-24
2894,United Kingdom,1875,41.849998,2025-07-24
2895,United Kingdom,1876,43.689999,2025-07-24
2896,United Kingdom,1877,44.700001,2025-07-24
2897,United Kingdom,1878,43.009997999999996,2025-07-24
2898,United Kingdom,1879,44.27,2025-07-24
2899,United Kingdom,1880,43.779999,2025-07-24
2900,United Kingdom,1881,46.110001000000004,2025-07-24
2901,United Kingdom,1882,44.869999,2025-07-24
2902,United Kingdom,1883,45.09,2025-07-24
2903,United Kingdom,1884,44.790001000000004,2025-07-24
2904,United Kingdom,1885,45.759997999999996,2025-07-24
2905,United Kingdom,1886,45.330002,2025-07-24
2906,United Kingdom,1887,45.650002,2025-07-24
2907,United Kingdom,1888,46.810001,2025-07-24
2908,United Kingdom,1889,46.34,2025-07-24
2909,United Kingdom,1890,44.75,2025-07-24
2910,United Kingdom,1891,44.290001000000004,2025-07-24
2911,United Kingdom,1892,45.509997999999996,2025-07-24
2912,United Kingdom,1893,44.869999,2025-07-24
2913,United Kingdom,1894,48.34,2025-07-24
2914,United Kingdom,1895,45.73,2025-07-24
2915,United Kingdom,1896,47.41,2025-07-24
2916,United Kingdom,1897,47.23,2025-07-24
2917,United Kingdom,1898,46.98,2025-07-24
2918,United Kingdom,1899,46.130001,2025-07-24
2919,United Kingdom,1900,46.32,2025-07-24
2920,United Kingdom,1901,47.91,2025-07-24
2921,United Kingdom,1902,49.080002,2025-07-24
2922,United Kingdom,1903,50.43,2025-07-24
2923,United Kingdom,1904,49.110001000000004,2025-07-24
2924,United Kingdom,1905,50.860001000000004,2025-07-24
2925,United Kingdom,1906,50.580002,2025-07-24
2926,United Kingdom,1907,51.439999,2025-07-24
2927,United Kingdom,1908,51.84,2025-07-24
2928,United Kingdom,1909,52.52,2025-07-24
2929,United Kingdom,1910,53.990002000000004,2025-07-24
2930,United Kingdom,1911,51.540001000000004,2025-07-24
2931,United Kingdom,1912,54.549999,2025-07-24
2932,United Kingdom,1913,53.830002,2025-07-24
2933,United Kingdom,1914,51.990002000000004,2025-07-24
2934,United Kingdom,1915,48.200001,2025-07-24
2935,United Kingdom,1916,47.73,2025-07-24
2936,United Kingdom,1917,45.57,2025-07-24
2937,United Kingdom,1918,40.43,2025-07-24
2938,United Kingdom,1919,54.119999,2025-07-24
2939,United Kingdom,1920,56.599998,2025-07-24
2940,United Kingdom,1921,58.349998,2025-07-24
2941,United Kingdom,1922,57.130001,2025-07-24
2942,United Kingdom,1923,59.400002,2025-07-24
2943,United Kingdom,1924,58.169998,2025-07-24
2944,United Kingdom,1925,58.509997999999996,2025-07-24
2945,United Kingdom,1926,59.66,2025-07-24
2946,United Kingdom,1927,59.040001000000004,2025-07-24
2947,United Kingdom,1928,59.990002000000004,2025-07-24
2948,United Kingdom,1929,57.709998999999996,2025-07-24
2949,United Kingdom,1930,60.889998999999996,2025-07-24
2950,United Kingdom,1931,60.110001000000004,2025-07-24
2951,United Kingdom,1932,60.630001,2025-07-24
2952,United Kingdom,1933,60.669998,2025-07-24
2953,United Kingdom,1934,61.400002,2025-07-24
2954,United Kingdom,1935,62.049999,2025-07-24
2955,United Kingdom,1936,61.849998,2025-07-24
2956,United Kingdom,1937,61.880001,2025-07-24
2957,United Kingdom,1938,63.299999,2025-07-24
2958,United Kingdom,1939,63.689999,2025-07-24
2959,United Kingdom,1940,60.970001,2025-07-24
2960,United Kingdom,1941,61.369999,2025-07-24
2961,United Kingdom,1942,63.990002000000004,2025-07-24
2962,United Kingdom,1943,64.010002,2025-07-24
2963,United Kingdom,1944,64.849998,2025-07-24
2964,United Kingdom,1945,65.849998,2025-07-24
2965,United Kingdom,1946,66.470001,2025-07-24
2966,United Kingdom,1947,66.440002,2025-07-24
2967,United Kingdom,1948,68.5,2025-07-24
2968,United Kingdom,1949,68.190002,2025-07-24
2969,United Kingdom,1950,68.699997,2025-07-24
2970,United Kingdom,1951,68.300003,2025-07-24
2971,United Kingdom,1952,69.599998,2025-07-24
2972,United Kingdom,1953,69.870003,2025-07-24
2973,United Kingdom,1954,70.239998,2025-07-24
2974,United Kingdom,1955,70.209999,2025-07-24
2975,United Kingdom,1956,70.480003,2025-07-24
2976,United Kingdom,1957,70.599998,2025-07-24
2977,United Kingdom,1958,70.779999,2025-07-24
2978,United Kingdom,1959,70.879997,2025-07-24
2979,United Kingdom,1960,71.099998,2025-07-24
2980,United Kingdom,1961,70.849998,2025-07-24
2981,United Kingdom,1962,70.91999799999999,2025-07-24
2982,United Kingdom,1963,70.83000200000001,2025-07-24
2983,United Kingdom,1964,71.620003,2025-07-24
2984,United Kingdom,1965,71.610001,2025-07-24
2985,United Kingdom,1966,71.529999,2025-07-24
2986,United Kingdom,1967,72.160004,2025-07-24
2987,United Kingdom,1968,71.790001,2025-07-24
2988,United Kingdom,1969,71.75,2025-07-24
2989,United Kingdom,1970,72.0,2025-07-24
2990,United Kingdom,1971,72.32,2025-07-24
2991,United Kingdom,1972,72.099998,2025-07-24
2992,United Kingdom,1973,72.309998,2025-07-24
2993,United Kingdom,1974,72.510002,2025-07-24
2994,United Kingdom,1975,72.779999,2025-07-24
2995,United Kingdom,1976,72.760002,2025-07-24
2996,United Kingdom,1977,73.25,2025-07-24
2997,United Kingdom,1978,73.18,2025-07-24
2998,United Kingdom,1979,73.290001,2025-07-24
2999,United Kingdom,1980,73.720001,2025-07-24
3000,United Kingdom,1981,74.059998,2025-07-24
3001,United Kingdom,1982,74.190002,2025-07-24
3002,United Kingdom,1983,74.440002,2025-07-24
3003,United Kingdom,1984,74.83000200000001,2025-07-24
3004,United Kingdom,1985,74.68,2025-07-24
3005,United Kingdom,1986,74.949997,2025-07-24
3006,United Kingdom,1987,75.300003,2025-07-24
3007,United Kingdom,1988,75.410004,2025-07-24
3008,United Kingdom,1989,75.550003,2025-07-24
3009,United Kingdom,1990,75.720001,2025-07-24
3010,United Kingdom,1991,75.940002,2025-07-24
3011,United Kingdom,1992,76.16999799999999,2025-07-24
3012,United Kingdom,1993,76.300003,2025-07-24
3013,United Kingdom,1994,76.550003,2025-07-24
3014,United Kingdom,1995,76.690002,2025-07-24
3015,United Kingdom,1996,76.910004,2025-07-24
3016,United Kingdom,1997,77.139999,2025-07-24
3017,United Kingdom,1998,77.339996,2025-07-24
3018,United Kingdom,1999,77.529999,2025-07-24
3019,United Kingdom,2000,77.839996,2025-07-24
3020,United Kingdom,2001,78.099998,2025-07-24
3021,United Kingdom,2002,78.309998,2025-07-24
3022,United Kingdom,2003,78.449997,2025-07-24
3023,United Kingdom,2004,78.82,2025-07-24
3024,United Kingdom,2005,79.099998,2025-07-24
3025,United Kingdom,2006,79.379997,2025-07-24
3026,United Kingdom,2007,79.639999,2025-07-24
3027,United Kingdom,2008,79.879997,2025-07-24
3028,United Kingdom,2009,80.16999799999999,2025-07-24
3029,United Kingdom,2010,80.389999,2025-07-24
3030,United Kingdom,2011,80.58000200000001,2025-07-24
3031,United Kingdom,2012,80.68,2025-07-24
3032,United Kingdom,2013,80.769997,2025-07-24
3033,United Kingdom,2014,80.82,2025-07-24
3034,United Kingdom,2015,80.860001,2025-07-24
3035,United Kingdom,2016,80.900002,2025-07-24
3036,United States,1800,39.41,2025-07-24
3037,United States,1801,39.41,2025-07-24
3038,United States,1802,39.41,2025-07-24
3039,United States,1803,39.41,2025-07-24
3040,United States,1804,39.41,2025-07-24
3041,United States,1805,39.41,2025-07-24
3042,United States,1806,39.41,2025-07-24
3043,United States,1807,39.41,2025-07-24
3044,United States,1808,39.41,2025-07-24
3045,United States,1809,39.41,2025-07-24
3046,United States,1810,39.41,2025-07-24
3047,United States,1811,39.41,2025-07-24
3048,United States,1812,39.41,2025-07-24
3049,United States,1813,39.41,2025-07-24
3050,United States,1814,39.41,2025-07-24
3051,United States,1815,39.41,2025-07-24
3052,United States,1816,39.41,2025-07-24
3053,United States,1817,39.41,2025-07-24
3054,United States,1818,39.41,2025-07-24
3055,United States,1819,39.41,2025-07-24
3056,United States,1820,39.41,2025-07-24
3057,United States,1821,39.41,2025-07-24
3058,United States,1822,39.41,2025-07-24
3059,United States,1823,39.41,2025-07-24
3060,United States,1824,39.41,2025-07-24
3061,United States,1825,39.41,2025-07-24
3062,United States,1826,39.41,2025-07-24
3063,United States,1827,39.41,2025-07-24
3064,United States,1828,39.41,2025-07-24
3065,United States,1829,39.41,2025-07-24
3066,United States,1830,39.41,2025-07-24
3067,United States,1831,39.41,2025-07-24
3068,United States,1832,39.41,2025-07-24
3069,United States,1833,39.41,2025-07-24
3070,United States,1834,39.41,2025-07-24
3071,United States,1835,39.41,2025-07-24
3072,United States,1836,39.41,2025-07-24
3073,United States,1837,39.41,2025-07-24
3074,United States,1838,39.41,2025-07-24
3075,United States,1839,39.41,2025-07-24
3076,United States,1840,39.41,2025-07-24
3077,United States,1841,39.41,2025-07-24
3078,United States,1842,39.41,2025-07-24
3079,United States,1843,39.41,2025-07-24
3080,United States,1844,39.41,2025-07-24
3081,United States,1845,39.41,2025-07-24
3082,United States,1846,39.41,2025-07-24
3083,United States,1847,39.41,2025-07-24
3084,United States,1848,39.41,2025-07-24
3085,United States,1849,39.41,2025-07-24
3086,United States,1850,39.41,2025-07-24
3087,United States,1851,39.41,2025-07-24
3088,United States,1852,39.41,2025-07-24
3089,United States,1853,39.41,2025-07-24
3090,United States,1854,39.41,2025-07-24
3091,United States,1855,39.41,2025-07-24
3092,United States,1856,39.41,2025-07-24
3093,United States,1857,39.41,2025-07-24
3094,United States,1858,39.41,2025-07-24
3095,United States,1859,39.41,2025-07-24
3096,United States,1860,39.41,2025-07-24
3097,United States,1861,38.0,2025-07-24
3098,United States,1862,34.5,2025-07-24
3099,United States,1863,34.0,2025-07-24
3100,United States,1864,31.0,2025-07-24
3101,United States,1865,38.0,2025-07-24
3102,United States,1866,39.41,2025-07-24
3103,United States,1867,39.41,2025-07-24
3104,United States,1868,39.41,2025-07-24
3105,United States,1869,39.41,2025-07-24
3106,United States,1870,39.41,2025-07-24
3107,United States,1871,39.41,2025-07-24
3108,United States,1872,39.41,2025-07-24
3109,United States,1873,39.41,2025-07-24
3110,United States,1874,39.41,2025-07-24
3111,United States,1875,39.41,2025-07-24
3112,United States,1876,39.41,2025-07-24
3113,United States,1877,39.41,2025-07-24
3114,United States,1878,39.41,2025-07-24
3115,United States,1879,39.41,2025-07-24
3116,United States,1880,39.41,2025-07-24
3117,United States,1881,39.990002000000004,2025-07-24
3118,United States,1882,40.57,2025-07-24
3119,United States,1883,41.150002,2025-07-24
3120,United States,1884,41.73,2025-07-24
3121,United States,1885,42.310001,2025-07-24
3122,United States,1886,42.889998999999996,2025-07-24
3123,United States,1887,43.470001,2025-07-24
3124,United States,1888,44.049999,2025-07-24
3125,United States,1889,44.630001,2025-07-24
3126,United States,1890,45.209998999999996,2025-07-24
3127,United States,1891,45.581818,2025-07-24
3128,United States,1892,45.953635999999996,2025-07-24
3129,United States,1893,46.325455,2025-07-24
3130,United States,1894,46.697272999999996,2025-07-24
3131,United States,1895,47.069092,2025-07-24
3132,United States,1896,47.440909999999995,2025-07-24
3133,United States,1897,47.812729,2025-07-24
3134,United States,1898,48.184544,2025-07-24
3135,United States,1899,48.556362,2025-07-24
3136,United States,1900,48.928181,2025-07-24
3137,United States,1901,49.299999,2025-07-24
3138,United States,1902,50.5,2025-07-24
3139,United States,1903,50.599998,2025-07-24
3140,United States,1904,49.599998,2025-07-24
3141,United States,1905,50.299999,2025-07-24
3142,United States,1906,50.099998,2025-07-24
3143,United States,1907,50.200001,2025-07-24
3144,United States,1908,51.900002,2025-07-24
3145,United States,1909,52.799999,2025-07-24
3146,United States,1910,51.799999,2025-07-24
3147,United States,1911,53.400002,2025-07-24
3148,United States,1912,54.099998,2025-07-24
3149,United States,1913,53.5,2025-07-24
3150,United States,1914,54.599998,2025-07-24
3151,United States,1915,55.099998,2025-07-24
3152,United States,1916,54.200001,2025-07-24
3153,United States,1917,54.0,2025-07-24
3154,United States,1918,47.200001,2025-07-24
3155,United States,1919,55.299999,2025-07-24
3156,United States,1920,55.400002,2025-07-24
3157,United States,1921,58.200001,2025-07-24
3158,United States,1922,58.099998,2025-07-24
3159,United States,1923,57.5,2025-07-24
3160,United States,1924,58.5,2025-07-24
3161,United States,1925,58.5,2025-07-24
3162,United States,1926,57.900002,2025-07-24
3163,United States,1927,59.400002,2025-07-24
3164,United States,1928,58.299999,2025-07-24
3165,United States,1929,58.5,2025-07-24
3166,United States,1930,59.599998,2025-07-24
3167,United States,1931,60.299999,2025-07-24
3168,United States,1932,61.0,2025-07-24
3169,United States,1933,60.959998999999996,2025-07-24
3170,United States,1934,60.290001000000004,2025-07-24
3171,United States,1935,60.939999,2025-07-24
3172,United States,1936,60.400002,2025-07-24
3173,United States,1937,61.099998,2025-07-24
3174,United States,1938,62.43,2025-07-24
3175,United States,1939,63.119999,2025-07-24
3176,United States,1940,63.279999,2025-07-24
3177,United States,1941,63.84,2025-07-24
3178,United States,1942,64.629997,2025-07-24
3179,United States,1943,64.339996,2025-07-24
3180,United States,1944,65.129997,2025-07-24
3181,United States,1945,65.629997,2025-07-24
3182,United States,1946,66.33000200000001,2025-07-24
3183,United States,1947,66.730003,2025-07-24
3184,United States,1948,67.300003,2025-07-24
3185,United States,1949,67.68,2025-07-24
3186,United States,1950,68.120003,2025-07-24
3187,United States,1951,68.220001,2025-07-24
3188,United States,1952,68.440002,2025-07-24
3189,United States,1953,68.790001,2025-07-24
3190,United States,1954,69.58000200000001,2025-07-24
3191,United States,1955,69.629997,2025-07-24
3192,United States,1956,69.709999,2025-07-24
3193,United States,1957,69.489998,2025-07-24
3194,United States,1958,69.760002,2025-07-24
3195,United States,1959,69.980003,2025-07-24
3196,United States,1960,69.910004,2025-07-24
3197,United States,1961,70.32,2025-07-24
3198,United States,1962,70.209999,2025-07-24
3199,United States,1963,70.040001,2025-07-24
3200,United States,1964,70.33000200000001,2025-07-24
3201,United States,1965,70.410004,2025-07-24
3202,United States,1966,70.43,2025-07-24
3203,United States,1967,70.760002,2025-07-24
3204,United States,1968,70.41999799999999,2025-07-24
3205,United States,1969,70.660004,2025-07-24
3206,United States,1970,70.91999799999999,2025-07-24
3207,United States,1971,71.239998,2025-07-24
3208,United States,1972,71.339996,2025-07-24
3209,United States,1973,71.540001,2025-07-24
3210,United States,1974,72.08000200000001,2025-07-24
3211,United States,1975,72.68,2025-07-24
3212,United States,1976,72.989998,2025-07-24
3213,United States,1977,73.379997,2025-07-24
3214,United States,1978,73.58000200000001,2025-07-24
3215,United States,1979,74.029999,2025-07-24
3216,United States,1980,73.93,2025-07-24
3217,United States,1981,74.360001,2025-07-24
3218,United States,1982,74.650002,2025-07-24
3219,United States,1983,74.709999,2025-07-24
3220,United States,1984,74.809998,2025-07-24
3221,United States,1985,74.790001,2025-07-24
3222,United States,1986,74.870003,2025-07-24
3223,United States,1987,75.010002,2025-07-24
3224,United States,1988,75.019997,2025-07-24
3225,United States,1989,75.099998,2025-07-24
3226,United States,1990,75.449997,2025-07-24
3227,United States,1991,75.599998,2025-07-24
3228,United States,1992,75.75,2025-07-24
3229,United States,1993,75.769997,2025-07-24
3230,United States,1994,75.83000200000001,2025-07-24
3231,United States,1995,75.959999,2025-07-24
3232,United States,1996,76.290001,2025-07-24
3233,United States,1997,76.66999799999999,2025-07-24
3234,United States,1998,76.800003,2025-07-24
3235,United States,1999,76.839996,2025-07-24
3236,United States,2000,76.959999,2025-07-24
3237,United States,2001,77.040001,2025-07-24
3238,United States,2002,77.16999799999999,2025-07-24
3239,United States,2003,77.32,2025-07-24
3240,United States,2004,77.540001,2025-07-24
3241,United States,2005,77.699997,2025-07-24
3242,United States,2006,77.949997,2025-07-24
3243,United States,2007,78.16999799999999,2025-07-24
3244,United States,2008,78.370003,2025-07-24
3245,United States,2009,78.599998,2025-07-24
3246,United States,2010,78.779999,2025-07-24
3247,United States,2011,78.870003,2025-07-24
3248,United States,2012,78.940002,2025-07-24
3249,United States,2013,78.959999,2025-07-24
3250,United States,2014,78.940002,2025-07-24
3251,United States,2015,78.870003,2025-07-24
3252,United States,2016,78.860001,2025-07-24
